name;slug;short_description;full_description;price;sale_price;currency;main_image;category_slug;ready_to_wear_type;bridal_type;accessory_type;available;published;featured;purchase_type;product_status;made_to_order;lead_time_note
Lavender Infused Soap;lavender-infused-soap;Indulge in the soothing, aromatic experience of Maie Couture's Lavender Infused Soap, crafted to elevate your daily routine. This luxurious soap not only revitalizes your skin with;Indulge in the soothing, aromatic experience of Maie Couture's Lavender Infused Soap, crafted to elevate your daily routine. This luxurious soap not only revitalizes your skin with its gentle cleansing properties but also enriches your senses with the calming essence of lavender. Made with premium, natural ingredients and inspired by the traditional craftsmanship of nablus soap, our Lavender Infused Soap aligns perfectly with Maie Couture's commitment to quality and elegance. Suitable for all skin types, it promises a refreshing cleanse that leaves your skin feeling soft and fragrant. Elevate your self-care routine with a touch of sophistication only at Maie Couture.;45;;NIS;https://static.wixstatic.com/media/e126e7_0b3555d6d232457c848f402baa21b3d0~mv2.png;home;;;;TRUE;TRUE;FALSE;DIRECT_PURCHASE;EVERGREEN;FALSE;Ships in 3-5 business days
Cedar Wood Soap;cedar-wood-soap;Experience the natural luxury of our Cedar Wood Soap, exclusively available at Maie Couture. Crafted with premium cedar wood extracts, this soap offers a refreshing and earthy arom;Experience the natural luxury of our Cedar Wood Soap, exclusively available at Maie Couture. Crafted with premium cedar wood extracts, this soap offers a refreshing and earthy aroma that invigorates your senses. Perfect for all skin types, it promises a gentle yet effective cleanse, leaving your skin feeling soft and rejuvenated. Embrace the essence of nature while supporting Maie Couture's values of quality and sustainability. Elevate your skincare routine today.;45;;NIS;https://static.wixstatic.com/media/e126e7_eec14089e38c4b688dd43c2afc2df76e~mv2.png;home;;;;TRUE;TRUE;FALSE;DIRECT_PURCHASE;EVERGREEN;FALSE;Ships in 3-5 business days
Mint Soap;mint-soap;Discover Nablus Soap’s Mint Soap at Maie Couture. This delightful, hand-crafted soap with natural mint extracts offers a refreshing cleanse. Ideal for those who appreciate elegance;Discover Nablus Soap’s Mint Soap at Maie Couture. This delightful, hand-crafted soap with natural mint extracts offers a refreshing cleanse. Ideal for those who appreciate elegance and purity, it pairs beautifully with our high-quality clothing and showcases our artisanship. Enjoy a revitalizing bath that leaves your skin feeling refreshed. Embrace tradition and luxury with Nablus Soap’s Mint Soap.;45;;NIS;https://static.wixstatic.com/media/e126e7_59365758559646448e59e0fbbe73d474~mv2.png;home;;;;TRUE;TRUE;FALSE;DIRECT_PURCHASE;EVERGREEN;FALSE;Ships in 3-5 business days
Damascus Rose Soap;damascus-rose-soap;Experience the fragrance of Damascus Rose Soap by Maie Couture. Crafted by Nablus Soap artisans, it provides a gentle cleanse with a rose essence. Each bar embodies our commitment;Experience the fragrance of Damascus Rose Soap by Maie Couture. Crafted by Nablus Soap artisans, it provides a gentle cleanse with a rose essence. Each bar embodies our commitment to quality and care. Enhance your skincare routine with this refined product. Discover tradition's impact with our Damascus Rose Soap.;45;;NIS;https://static.wixstatic.com/media/e126e7_696334c246b740abac7a48dccb7b3128~mv2.png;home;;;;TRUE;TRUE;FALSE;DIRECT_PURCHASE;EVERGREEN;FALSE;Ships in 3-5 business days
Black Seeds Soap;black-seeds-soap;Discover the nourishing benefits of our Black Seeds Soap, a luxurious addition to Maie Couture’s self-care range. Infused with the essence of traditional nabulsi soap, this handcra;Discover the nourishing benefits of our Black Seeds Soap, a luxurious addition to Maie Couture’s self-care range. Infused with the essence of traditional nabulsi soap, this handcrafted bar gently cleanses and revitalizes your skin, leaving it feeling refreshed and invigorated. At Maie Couture, we value quality and authenticity, ensuring each product enhances your daily routine. Elevate your skincare ritual with our Black Seeds Soap, meticulously crafted to meet Maie Couture's high standards of excellence. Treat your skin to this exquisite soap and experience the timeless allure of nabulsi soap.;45;;NIS;https://static.wixstatic.com/media/e126e7_701d83418b874ed2b4e8af85f5e8f08e~mv2.png;home;;;;TRUE;TRUE;FALSE;DIRECT_PURCHASE;EVERGREEN;FALSE;Ships in 3-5 business days
Tea Tree and Charcoal Soap;tea-tree-and-charcoal-soap;Experience the benefits of Maie Couture's Tea Tree and Charcoal Soap. Crafted in Nabulsi tradition, it combines tea tree oil and activated charcoal for a deep, refreshing cleanse.;Experience the benefits of Maie Couture's Tea Tree and Charcoal Soap. Crafted in Nabulsi tradition, it combines tea tree oil and activated charcoal for a deep, refreshing cleanse. Ideal for those who value quality skincare, wellness, and sophistication. Elevate your routine with this luxurious, authentic soap.;45;;NIS;https://static.wixstatic.com/media/e126e7_6bef28db4fe248a482f06c7a7e5c8855~mv2.png;home;;;;TRUE;TRUE;FALSE;DIRECT_PURCHASE;EVERGREEN;FALSE;Ships in 3-5 business days
Embroidered Dress with Bow Detail;embroidered-dress-with-bow-detail;Embroidered Dress with Bow Detail: An elegant evening silhouette crafted for elevated occasions.;Embroidered Dress with Bow Detail is part of Maie Couture's curated edit, designed for formal dressing, receptions, and elevated celebrations. Crafted with premium materials and careful finishing, each piece balances timeless elegance with modern sophistication.;2000;;NIS;https://static.wixstatic.com/media/e126e7_71999f2eee8c430d93876ff9947a4214~mv2.jpg;ready-to-wear;Dresses;;;TRUE;TRUE;FALSE;DIRECT_PURCHASE;EVERGREEN;FALSE;Usually ready within 2 weeks.
High Neck Red Embroidered Dress;high-neck-red-embroidered-dress;High Neck Red Embroidered Dress: An elegant evening silhouette crafted for elevated occasions.;High Neck Red Embroidered Dress is part of Maie Couture's curated edit, designed for formal dressing, receptions, and elevated celebrations. Crafted with premium materials and careful finishing, each piece balances timeless elegance with modern sophistication.;1500;;NIS;https://static.wixstatic.com/media/e126e7_fb5ca937cc194c098c2c80250ebcb3f2~mv2.jpg;ready-to-wear;Dresses;;;TRUE;TRUE;FALSE;DIRECT_PURCHASE;EVERGREEN;FALSE;Usually ready within 2 weeks.
Floral Embroidered Dress;floral-embroidered-dress;Floral Embroidered Dress in Black: An elegant evening silhouette crafted for elevated occasions.;Floral Embroidered Dress in Black is part of Maie Couture's curated edit, designed for formal dressing, receptions, and elevated celebrations. Crafted with premium materials and careful finishing, each piece balances timeless elegance with modern sophistication.;1800;;NIS;https://static.wixstatic.com/media/e126e7_b188e6c1949443f7a9dc3058b2a027e2~mv2.jpg;ready-to-wear;Dresses;;;TRUE;TRUE;FALSE;DIRECT_PURCHASE;EVERGREEN;FALSE;Usually ready within 2 weeks.
Red Embroidered Gold Colored Dress;red-embroidered-gold-colored-dress;Red Embroidered Gold Colored Dress: An elegant evening silhouette crafted for elevated occasions.;Red Embroidered Gold Colored Dress is part of Maie Couture's curated edit, designed for formal dressing, receptions, and elevated celebrations. Crafted with premium materials and careful finishing, each piece balances timeless elegance with modern sophistication.;3500;;NIS;https://static.wixstatic.com/media/e126e7_dad4959e3596445498ab95665e352239~mv2.jpg;evening-wear;;;;TRUE;TRUE;FALSE;CUS;EVERGREEN;TRUE;Usually ready within 4 weeks.
Floral Embroidered Midi Dress;floral-embroidered-midi-dress;Floral Embroidered Midi Dress: An elegant evening silhouette crafted for elevated occasions.;Floral Embroidered Midi Dress is part of Maie Couture's curated edit, designed for formal dressing, receptions, and elevated celebrations. Crafted with premium materials and careful finishing, each piece balances timeless elegance with modern sophistication.;2000;;NIS;https://static.wixstatic.com/media/e126e7_c6b09382d9224ee68a7349cf048c76c8~mv2.jpg;ready-to-wear;Dresses;;;TRUE;TRUE;FALSE;DIRECT_PURCHASE;EVERGREEN;FALSE;Usually ready within 2 weeks.
Exotic Turquoise Embroidered Dress;exotic-turquoise-embroidered-dress;Exotic Turquoise Embroidered Dress: An elegant evening silhouette crafted for elevated occasions.;Exotic Turquoise Embroidered Dress is part of Maie Couture's curated edit, designed for formal dressing, receptions, and elevated celebrations. Crafted with premium materials and careful finishing, each piece balances timeless elegance with modern sophistication.;2000;;NIS;https://static.wixstatic.com/media/e126e7_94eaaedfe35e4ac294459066d1eec0c2~mv2.jpg;ready-to-wear;Dresses;;;TRUE;TRUE;FALSE;DIRECT_PURCHASE;EVERGREEN;FALSE;Usually ready within 2 weeks.
Silver Sequin Embroidered Silk Dress;silver-sequin-embroidered-silk-dress;Silver Sequin Embroidered Silk Dress: An elegant evening silhouette crafted for elevated occasions.;Silver Sequin Embroidered Silk Dress is part of Maie Couture's curated edit, designed for formal dressing, receptions, and elevated celebrations. Crafted with premium materials and careful finishing, each piece balances timeless elegance with modern sophistication.;2500;;NIS;https://static.wixstatic.com/media/e126e7_cd4c83302fb84f0baaa5b4caf4013bb2~mv2.jpg;evening-wear;;;;TRUE;TRUE;FALSE;DIRECT_PURCHASE;EVERGREEN;TRUE;Usually ready within 4 weeks.
Beige Dress with Colored Embroidery Details;beige-dress-with-colored-embroidery-details;Beige Dress with Colored Embroidery Details: An elegant evening silhouette crafted for elevated occasions.;Beige Dress with Colored Embroidery Details is part of Maie Couture's curated edit, designed for formal dressing, receptions, and elevated celebrations. Crafted with premium materials and careful finishing, each piece balances timeless elegance with modern sophistication.;1500;;NIS;https://static.wixstatic.com/media/e126e7_cab847a05e2f4f668cf8e896a21eea28~mv2.jpg;ready-to-wear;Dresses;;;TRUE;TRUE;FALSE;DIRECT_PURCHASE;EVERGREEN;FALSE;Usually ready within 2 weeks.
Purple Embroidered Long Dress;purple-embroidered-long-dress;Purple Embroidered Long Dress: An elegant evening silhouette crafted for elevated occasions.;Purple Embroidered Long Dress is part of Maie Couture's curated edit, designed for formal dressing, receptions, and elevated celebrations. Crafted with premium materials and careful finishing, each piece balances timeless elegance with modern sophistication.;1500;;NIS;https://static.wixstatic.com/media/e126e7_ccd25bde8d7a49a8a9700cab60d6879f~mv2.jpg;ready-to-wear;Dresses;;;TRUE;TRUE;FALSE;DIRECT_PURCHASE;EVERGREEN;FALSE;Usually ready within 2 weeks.
Beige Clutch;beige-clutch;Discover timeless elegance with our Beige Clutch from Maie Couture. Expertly crafted from high-quality beige fabric and enhanced with exquisite embroidery detail, this clutch is a;Discover timeless elegance with our Beige Clutch from Maie Couture. Expertly crafted from high-quality beige fabric and enhanced with exquisite embroidery detail, this clutch is a stunning accent to any ensemble. Perfect for both daytime events and glamorous evenings, it exudes sophistication and style. Make a statement by adding this versatile piece to your accessory collection today.;350;;NIS;https://static.wixstatic.com/media/e126e7_4396d263c7954edbb79c741b88369fe8~mv2.jpg;accessories;;;Clutches;TRUE;TRUE;FALSE;DIRECT_PURCHASE;EVERGREEN;FALSE;Ships in 7 business days
Look Back Black Bag;look-back-black-bag;Discover elegance and functionality with our Look Back Black Bag, exclusively at Maie Couture. Named for its eye-catching embroidery, this bag blends timeless style with modern fla;Discover elegance and functionality with our Look Back Black Bag, exclusively at Maie Couture. Named for its eye-catching embroidery, this bag blends timeless style with modern flair. Its spacious interior holds your essentials, while vibrant hues make it a standout accessory. Elevate your look and express your style. Shop now and experience Maie Couture's exceptional quality.;450;;NIS;https://static.wixstatic.com/media/e126e7_3e0807258f8d43bc85e231bae7d4a291~mv2.jpg;accessories;;;Bags;TRUE;TRUE;FALSE;DIRECT_PURCHASE;EVERGREEN;FALSE;Ships in 7 business days
Small Window Bag in Brown;small-window-bag-in-brown;Discover the exquisite charm of the Small Window Bag in Brown from Maie Couture. Crafted with meticulous attention to detail, this bag features stunning embroidery that adds a touc;Discover the exquisite charm of the Small Window Bag in Brown from Maie Couture. Crafted with meticulous attention to detail, this bag features stunning embroidery that adds a touch of elegance to your ensemble. Made from genuine real leather, its durable construction ensures longevity while exuding timeless sophistication. Perfect for any occasion, the Small Window Bag seamlessly blends style and functionality for the fashion-forward individual. Elevate your accessory game with this must-have piece.;450;;NIS;https://static.wixstatic.com/media/e126e7_f506f9c977bb4564aedfdaf88eebb3ad~mv2.jpg;accessories;;;Bags;TRUE;TRUE;FALSE;DIRECT_PURCHASE;EVERGREEN;FALSE;Ships in 7 business days
Brown Leather Clutch;brown-leather-clutch;Elevate your style with our Brown Leather Clutch, exclusively at Maie Couture. Crafted from genuine, premium leather, this clutch features a stunning mix of embroidery with vibrant;"Elevate your style with our Brown Leather Clutch, exclusively at Maie Couture. Crafted from genuine, premium leather, this clutch features a stunning mix of embroidery with vibrant deep pink and green hues, adding a perfect touch to the rich brown base. Ideal for any occasion, this clutch seamlessly blends elegance and functionality. Experience the superior quality and artisanal craftsmanship that defines Maie Couture. This accessory is more than just a clutch; it's a statement piece for the discerning fashion enthusiast.";450;;NIS;https://static.wixstatic.com/media/e126e7_7a60aadb46924d17a558d723d981e2fa~mv2.jpg;accessories;;;Clutches;TRUE;TRUE;FALSE;DIRECT_PURCHASE;EVERGREEN;FALSE;Ships in 7 business days
Flamboyant Embroidered Clutch;flamboyant-embroidered-clutch;Discover the Flamboyant Embroidered Clutch from Maie Couture. This elegant piece, featuring intricate embroidery, adds sophistication to any outfit. Ideal for evening events or a s;Discover the Flamboyant Embroidered Clutch from Maie Couture. This elegant piece, featuring intricate embroidery, adds sophistication to any outfit. Ideal for evening events or a stylish day out, its vibrant design and durability reflect Maie Couture's high standards. Elevate your style with this functional and stylish clutch.;450;;NIS;https://static.wixstatic.com/media/e126e7_19e8e8c000e94248b8ab38fcb56cf056~mv2.jpg;accessories;;;Clutches;TRUE;TRUE;FALSE;DIRECT_PURCHASE;EVERGREEN;FALSE;Ships in 7 business days
Beige Embroidered Clutch;beige-embroidered-clutch;Elevate your look with Maie Couture's Beige Embroidered Clutch. This sophisticated accessory, featuring intricate embroidery, suits both casual and formal wear. Embrace timeless el;Elevate your look with Maie Couture's Beige Embroidered Clutch. This sophisticated accessory, featuring intricate embroidery, suits both casual and formal wear. Embrace timeless elegance and versatility with this luxurious, practical clutch.;450;;NIS;https://static.wixstatic.com/media/e126e7_1beb5a43f2e549d5b85895ccc5842432~mv2.jpg;accessories;;;Clutches;TRUE;TRUE;FALSE;DIRECT_PURCHASE;EVERGREEN;FALSE;Ships in 7 business days
Small Window Black Leather Bag;small-window-black-leather-bag;Elevate your style with Maie Couture's Small Window Black Leather Bag. Featuring intricate embroidery on premium leather, it combines luxury and craftsmanship for a timeless look.;Elevate your style with Maie Couture's Small Window Black Leather Bag. Featuring intricate embroidery on premium leather, it combines luxury and craftsmanship for a timeless look. Perfectly sized for essentials, it adds elegance and functionality to any outfit, embodying quality and durability for the discerning fashionista.;450;;NIS;https://static.wixstatic.com/media/e126e7_427901b1c809403d91ce1eddca29c38c~mv2.jpg;accessories;;;Bags;TRUE;TRUE;FALSE;DIRECT_PURCHASE;EVERGREEN;FALSE;Ships in 7 business days
Black Clutch with Red Embroidery;black-clutch-with-red-embroidery;Discover elegance with our Black Clutch with Red Embroidery. At Maie Couture, we craft each piece to perfection, combining quality with contemporary and traditional design. Perfect;Discover elegance with our Black Clutch with Red Embroidery. At Maie Couture, we craft each piece to perfection, combining quality with contemporary and traditional design. Perfect for any occasion, it effortlessly adds class. Elevate your accessory game with Maie Couture today.;450;;NIS;https://static.wixstatic.com/media/e126e7_630a53bb37894cd788d112d990582b6b~mv2.jpg;accessories;;;Clutches;TRUE;TRUE;FALSE;DIRECT_PURCHASE;EVERGREEN;FALSE;Ships in 7 business days
Navy Embroidered Clutch;navy-embroidered-clutch;Discover elegance with Maie Couture's Navy Embroidered Clutch. Expert craftsmanship and intricate embroidery elevate your evening look. Perfectly sized for essentials, it combines;Discover elegance with Maie Couture's Navy Embroidered Clutch. Expert craftsmanship and intricate embroidery elevate your evening look. Perfectly sized for essentials, it combines functionality and style. Trust Maie Couture for timeless pieces that reflect your sophisticated taste. Make a statement with this refined accessory.;450;;NIS;https://static.wixstatic.com/media/e126e7_fc876ab3d92948d685672a88a83eacfe~mv2.jpg;accessories;;;Clutches;TRUE;TRUE;FALSE;DIRECT_PURCHASE;EVERGREEN;FALSE;Ships in 7 business days
Black Leather Clutch;black-leather-clutch;Elevate your evening with the Black Leather Clutch from Maie Couture. Crafted from premium leather and adorned with fine embroidery, this sleek accessory combines elegance and func;Elevate your evening with the Black Leather Clutch from Maie Couture. Crafted from premium leather and adorned with fine embroidery, this sleek accessory combines elegance and functionality. Perfectly sized for essentials, it complements any outfit. Trust Maie Couture's quality and style to add luxury to your wardrobe. Discover exceptional craftsmanship in this exquisite piece.;450;;NIS;https://static.wixstatic.com/media/e126e7_4db74fba9eb74913be22eb3e176b717d~mv2.jpg;accessories;;;Clutches;TRUE;TRUE;FALSE;DIRECT_PURCHASE;EVERGREEN;FALSE;Ships in 7 business days
Floor-Length Open Window Vest;floor-length-open-window-vest;Floor-Length Open Window Vest: A refined ready-to-wear design for modern everyday elegance.;Floor-Length Open Window Vest is part of Maie Couture's curated edit, designed for day-to-evening styling with versatile couture finishes. Crafted with premium materials and careful finishing, each piece balances timeless elegance with modern sophistication.;800;;NIS;https://static.wixstatic.com/media/e126e7_952ea0c8fbc5412284ca888e22f39336~mv2.jpg;ready-to-wear;Vests and Blazers;;;TRUE;TRUE;FALSE;DIRECT_PURCHASE;EVERGREEN;FALSE;Usually ready within 2 weeks.
White Blazer with Red Embroidery;white-blazer-with-red-embroidery;White Blazer with Red Embroidery: A refined ready-to-wear design for modern everyday elegance.;White Blazer with Red Embroidery is part of Maie Couture's curated edit, designed for day-to-evening styling with versatile couture finishes. Crafted with premium materials and careful finishing, each piece balances timeless elegance with modern sophistication.;1300;;NIS;https://static.wixstatic.com/media/e126e7_5108214fd3774c44a31f30d173985f0c~mv2.jpg;ready-to-wear;Vests and Blazers;;;TRUE;TRUE;FALSE;DIRECT_PURCHASE;EVERGREEN;FALSE;Usually ready within 2 weeks.
Kufiyyeh Vest;kufiyyeh-vest;Kufiyyeh Vest: A refined ready-to-wear design for modern everyday elegance.;Kufiyyeh Vest is part of Maie Couture's curated edit, designed for day-to-evening styling with versatile couture finishes. Crafted with premium materials and careful finishing, each piece balances timeless elegance with modern sophistication.;450;;NIS;https://static.wixstatic.com/media/e126e7_a60162311d214bd49efc2fe658ac8d13~mv2.jpg;ready-to-wear;Vests and Blazers;;;TRUE;TRUE;FALSE;DIRECT_PURCHASE;EVERGREEN;FALSE;Usually ready within 2 weeks.
Hand-Embroidered Blue Blazer;hand-embroidered-blue-blazer;Hand-Embroidered Blue Blazer: A refined ready-to-wear design for modern everyday elegance.;Hand-Embroidered Blue Blazer is part of Maie Couture's curated edit, designed for day-to-evening styling with versatile couture finishes. Crafted with premium materials and careful finishing, each piece balances timeless elegance with modern sophistication.;1800;;NIS;https://static.wixstatic.com/media/e126e7_312282bcf10c4929887a5166566a501b~mv2.jpg;ready-to-wear;Vests and Blazers;;;TRUE;TRUE;FALSE;DIRECT_PURCHASE;EVERGREEN;FALSE;Ships in 3-5 business days
Black Blazer with Floral Embroidery Details;black-blazer-with-floral-embroidery-details;Black Blazer with Floral Embroidery Details: A refined ready-to-wear design for modern everyday elegance.;Black Blazer with Floral Embroidery Details is part of Maie Couture's curated edit, designed for day-to-evening styling with versatile couture finishes. Crafted with premium materials and careful finishing, each piece balances timeless elegance with modern sophistication.;1500;;NIS;https://static.wixstatic.com/media/e126e7_7604895065154e0e9ac363b2b8b92b9d~mv2.jpg;ready-to-wear;Vests and Blazers;;;TRUE;TRUE;FALSE;DIRECT_PURCHASE;EVERGREEN;FALSE;Usually ready within 2 weeks.
White Blazer with Floral Embroidery Details;white-blazer-with-floral-embroidery-details;White Blazer with Floral Embroidery Details: A refined ready-to-wear design for modern everyday elegance.;White Blazer with Floral Embroidery Details is part of Maie Couture's curated edit, designed for day-to-evening styling with versatile couture finishes. Crafted with premium materials and careful finishing, each piece balances timeless elegance with modern sophistication.;1500;;NIS;https://static.wixstatic.com/media/e126e7_1097095a7f464cda9089d11a16481521~mv2.jpg;ready-to-wear;Vests and Blazers;;;TRUE;TRUE;FALSE;DIRECT_PURCHASE;EVERGREEN;FALSE;Usually ready within 2 weeks.
Embroidered Trench Coat;embroidered-trench-coat;Embroidered Trench Coat: A refined ready-to-wear design for modern everyday elegance.;Embroidered Trench Coat is part of Maie Couture's curated edit, designed for day-to-evening styling with versatile couture finishes. Crafted with premium materials and careful finishing, each piece balances timeless elegance with modern sophistication.;1800;;NIS;https://static.wixstatic.com/media/e126e7_3a5ec68c818d4547b22f5a028425cf9f~mv2.jpg;ready-to-wear;Vests and Blazers;;;TRUE;TRUE;FALSE;DIRECT_PURCHASE;EVERGREEN;FALSE;Usually ready within 2 weeks.
Floor-Length Vest;floor-length-vest;Floor-Length Vest: A refined ready-to-wear design for modern everyday elegance.;Floor-Length Vest is part of Maie Couture's curated edit, designed for day-to-evening styling with versatile couture finishes. Crafted with premium materials and careful finishing, each piece balances timeless elegance with modern sophistication.;800;;NIS;https://static.wixstatic.com/media/e126e7_850f444821ec4670acbcde92ba68b469~mv2.jpg;ready-to-wear;Vests and Blazers;;;TRUE;TRUE;FALSE;DIRECT_PURCHASE;EVERGREEN;FALSE;Ships in 3-5 business days
Colorful Embroidered Cape;colorful-embroidered-cape;Colorful Embroidered Cape: A refined ready-to-wear design for modern everyday elegance.;Colorful Embroidered Cape is part of Maie Couture's curated edit, designed for day-to-evening styling with versatile couture finishes. Crafted with premium materials and careful finishing, each piece balances timeless elegance with modern sophistication.;1500;;NIS;https://static.wixstatic.com/media/e126e7_f31c3f1295264e6e925f356da2f6971b~mv2.jpg;ready-to-wear;Sets;;;TRUE;TRUE;FALSE;DIRECT_PURCHASE;EVERGREEN;FALSE;Usually ready within 2 weeks.
Colorfully Embroidered Kimono in Red;colorfully-embroidered-kimono-in-red;Colorfully Embroidered Kimono in Red: A refined ready-to-wear design for modern everyday elegance.;Colorfully Embroidered Kimono in Red is part of Maie Couture's curated edit, designed for day-to-evening styling with versatile couture finishes. Crafted with premium materials and careful finishing, each piece balances timeless elegance with modern sophistication.;1500;;NIS;https://static.wixstatic.com/media/e126e7_415db0c4944148108d502df98f3c0251~mv2.jpg;ready-to-wear;Sets;;;TRUE;TRUE;FALSE;DIRECT_PURCHASE;EVERGREEN;FALSE;Usually ready within 2 weeks.
Colorfully Embroidered Kimono;colorfully-embroidered-kimono;Colorfully Embroidered Kimono: A refined ready-to-wear design for modern everyday elegance.;Colorfully Embroidered Kimono is part of Maie Couture's curated edit, designed for day-to-evening styling with versatile couture finishes. Crafted with premium materials and careful finishing, each piece balances timeless elegance with modern sophistication.;1500;;NIS;https://static.wixstatic.com/media/e126e7_b347609418ee45fbb6051f3944fcb1b3~mv2.jpg;ready-to-wear;Abayas;;;TRUE;TRUE;FALSE;DIRECT_PURCHASE;EVERGREEN;FALSE;Usually ready within 2 weeks.
Lace Detailed Embroidered Set;lace-detailed-embroidered-set;Lace Detailed Embroidered Set: A refined ready-to-wear design for modern everyday elegance.;Lace Detailed Hand Embroidered Set is part of Maie Couture's curated edit, designed for day-to-evening styling with versatile couture finishes. Crafted with premium materials and careful finishing, each piece balances timeless elegance with modern sophistication.;2500;;NIS;https://static.wixstatic.com/media/e126e7_8e43df2f55144bfa995840f79e9f6b64~mv2.jpg;ready-to-wear;Sets;;;TRUE;TRUE;FALSE;DIRECT_PURCHASE;EVERGREEN;FALSE;Usually ready within 2 weeks.
Hard Silk Embroidered Set;hard-silk-embroidered-set;Hard Silk Embroidered Set: A refined ready-to-wear design for modern everyday elegance.;Hard Silk Embroidered Set is part of Maie Couture's curated edit, designed for day-to-evening styling with versatile couture finishes. Crafted with premium materials and careful finishing, each piece balances timeless elegance with modern sophistication.;2000;;NIS;https://static.wixstatic.com/media/e126e7_b8761db8027a4b07a50243a337f15118~mv2.jpg;ready-to-wear;Sets;;;TRUE;TRUE;FALSE;DIRECT_PURCHASE;EVERGREEN;FALSE;Usually ready within 2 weeks.
Maxi Embroidered Skirt Set;maxi-embroidered-skirt-set;maxi embroidered skirt set: A refined ready-to-wear design for modern everyday elegance.;maxi embroidered skirt set is part of Maie Couture's curated edit, designed for day-to-evening styling with versatile couture finishes. Crafted with premium materials and careful finishing, each piece balances timeless elegance with modern sophistication.;2000;;NIS;https://static.wixstatic.com/media/e126e7_ddd9f5c5761049aa924aecaada1c847c~mv2.jpg;ready-to-wear;Sets;;;TRUE;TRUE;FALSE;DIRECT_PURCHASE;EVERGREEN;FALSE;Usually ready within 2 weeks.
Long Sleeve Red and Yellow Embroidered Jumpsuit;red-and-yellow-embroidered-black-jumpsuit;Elevate your wardrobe with our stunning Red and Yellow Embroidered, High Neck Black Jumpsuit from Maie Couture. This chic piece combines vibrant embroidery with a classic black backdrop, offe;Elevate your wardrobe with our stunning Red and Yellow Embroidered Black Jumpsuit from Maie Couture. This chic piece combines vibrant embroidery with a classic black backdrop, offering a perfect blend of elegance and bold style. Ideal for any occasion, the meticulous craftsmanship reflects our commitment to high-quality, timeless fashion. Discover the ultimate balance of comfort and sophistication, designed to make you stand out effortlessly. Experience the luxury of Maie Couture with every wear.;1500;;NIS;https://static.wixstatic.com/media/e126e7_c4c9cff7d0de4b9f97dc3cce3c87d797~mv2.jpg;ready-to-wear;Jumpsuit;;;TRUE;TRUE;FALSE;DIRECT_PURCHASE;EVERGREEN;FALSE;Usually ready within 2 weeks.
Maxi Open Sleeves Jumpsuit;Maxi-open-sleeves-jumpsuit;Maxi Sleeves Tatreez Jumpsuit: A refined ready-to-wear design for modern everyday elegance.;Red Tatreez Jumpsuit is part of Maie Couture's curated edit, designed for day-to-evening styling with versatile couture finishes. Crafted with premium materials and careful finishing, each piece balances timeless elegance with modern sophistication.;1800;;NIS;https://static.wixstatic.com/media/e126e7_4c8f519e4c114613afb81c23c3cb93ca~mv2.jpg;ready-to-wear;Jumpsuit;;;TRUE;TRUE;FALSE;DIRECT_PURCHASE;EVERGREEN;FALSE;Usually ready within 2 weeks.
Midnight Heritage Jumpsuit;midnight-heritage-jumpsuit;Midnight Heritage Jumpsuit: A refined ready-to-wear design for modern everyday elegance.;Midnight Heritage Jumpsuit is part of Maie Couture's curated edit, designed for day-to-evening styling with versatile couture finishes. Crafted with premium materials and careful finishing, each piece balances timeless elegance with modern sophistication.;1500;;NIS;https://static.wixstatic.com/media/e126e7_159855b05bd9427094fe8533e2ad9ba6~mv2.jpg;ready-to-wear;Jumpsuit;;;TRUE;TRUE;FALSE;DIRECT_PURCHASE;EVERGREEN;FALSE;Usually ready within 2 weeks.
Floral Embroidered Jumpsuit;floral-embroidered-jumpsuit;Floral Embroidered Jumpsuit: A refined ready-to-wear design for modern everyday elegance.;Floral Embroidered Jumpsuit is part of Maie Couture's curated edit, designed for day-to-evening styling with versatile couture finishes. Crafted with premium materials and careful finishing, each piece balances timeless elegance with modern sophistication.;1500;;NIS;https://static.wixstatic.com/media/e126e7_916cb56fa96640a7b9014b36e652aba2~mv2.jpg;ready-to-wear;Jumpsuit;;;TRUE;TRUE;FALSE;DIRECT_PURCHASE;EVERGREEN;FALSE;Usually ready within 2 weeks.
Red Open-Window White Jumpsuit;red-open-window-white-jumpsuit;Red Open-Window White Jumpsuit: A refined ready-to-wear design for modern everyday elegance.;Red Open-Window White Jumpsuit is part of Maie Couture's curated edit, designed for day-to-evening styling with versatile couture finishes. Crafted with premium materials and careful finishing, each piece balances timeless elegance with modern sophistication.;1500;;NIS;https://static.wixstatic.com/media/e126e7_c15d3556073d4ceda1711a563d5bd3df~mv2.jpg;ready-to-wear;Jumpsuit;;;TRUE;TRUE;FALSE;DIRECT_PURCHASE;EVERGREEN;FALSE;Usually ready within 2 weeks.
Shades of Blue Jumpsuit;shades-of-blue-jumpsuit;Shades of Blue Jumpsuit: A refined ready-to-wear design for modern everyday elegance.;Shades of Blue Jumpsuit is part of Maie Couture's curated edit, designed for day-to-evening styling with versatile couture finishes. Crafted with premium materials and careful finishing, each piece balances timeless elegance with modern sophistication.;2000;;NIS;https://static.wixstatic.com/media/e126e7_0ab5fdaa687345d5b5a6a1155430f2f2~mv2.jpg;ready-to-wear;Jumpsuit;;;TRUE;TRUE;FALSE;DIRECT_PURCHASE;EVERGREEN;FALSE;Usually ready within 2 weeks.
Dark Blue Embroidered Jumpsuit;dark-blue-embroidered-jumpsuit;Dark Blue Embroidered Jumpsuit: A refined ready-to-wear design for modern everyday elegance.;Dark Blue Embroidered Jumpsuit is part of Maie Couture's curated edit, designed for day-to-evening styling with versatile couture finishes. Crafted with premium materials and careful finishing, each piece balances timeless elegance with modern sophistication.;1500;;NIS;https://static.wixstatic.com/media/e126e7_b547b12429394c2e917e698b3ad2c3d6~mv2.jpg;ready-to-wear;Jumpsuit;;;TRUE;TRUE;FALSE;DIRECT_PURCHASE;EVERGREEN;FALSE;Usually ready within 2 weeks.
Beige Abaya;beige-abaya;Beige Abaya: A refined ready-to-wear design for modern everyday elegance.;Beige Abaya is part of Maie Couture's curated edit, designed for day-to-evening styling with versatile couture finishes. Crafted with premium materials and careful finishing, each piece balances timeless elegance with modern sophistication.;1800;;NIS;https://static.wixstatic.com/media/e126e7_469591bc17b747f9a2689faee50e4d98~mv2.jpg;ready-to-wear;Abayas;;;TRUE;TRUE;FALSE;DIRECT_PURCHASE;EVERGREEN;FALSE;Usually ready within 2 weeks.
Floral Color-Rich Embroidered Black Abaya;floral-color-rich-embroidered-black-abaya;Color-Rich Embroidered Black Abaya: A refined ready-to-wear design for modern everyday elegance.;Color-Rich Embroidered Black Abaya is part of Maie Couture's curated edit, designed for day-to-evening styling with versatile couture finishes. Crafted with premium materials and careful finishing, each piece balances timeless elegance with modern sophistication.;1800;;NIS;https://static.wixstatic.com/media/e126e7_ee478d0721024f59855b4287dc76ae08~mv2.jpg;ready-to-wear;Abayas;;;TRUE;TRUE;FALSE;DIRECT_PURCHASE;EVERGREEN;FALSE;Usually ready within 2 weeks.
Color-Rich Embroidered Black Abaya;color-rich-embroidered-black-abaya;Color-Rich Embroidered Black Abaya: A refined ready-to-wear design for modern everyday elegance.;Color-Rich Embroidered Black Abaya is part of Maie Couture's curated edit, designed for day-to-evening styling with versatile couture finishes. Crafted with premium materials and careful finishing, each piece balances timeless elegance with modern sophistication.;1800;;NIS;https://static.wixstatic.com/media/e126e7_211b83f076b44831ab162917506c15cf~mv2.jpg;ready-to-wear;Abayas;;;TRUE;TRUE;FALSE;DIRECT_PURCHASE;EVERGREEN;FALSE;Usually ready within 2 weeks.
Pop of Blue Embroidered Black Abaya;pop-of-blue-embroidered-black-abaya;Color-Rich Embroidered Black Abaya: A refined ready-to-wear design for modern everyday elegance.;Color-Rich Embroidered Black Abaya is part of Maie Couture's curated edit, designed for day-to-evening styling with versatile couture finishes. Crafted with premium materials and careful finishing, each piece balances timeless elegance with modern sophistication.;1800;;NIS;https://static.wixstatic.com/media/e126e7_d6b922f0cbdc4560813cb5bf87ffef17~mv2.jpg;ready-to-wear;Abayas;;;TRUE;TRUE;FALSE;DIRECT_PURCHASE;EVERGREEN;FALSE;Usually ready within 2 weeks.
Elegant Embroidered Black Abaya;elegant-embroidered-black-abaya;Elegant Embroidered Black Abaya: A refined ready-to-wear design for modern everyday elegance.;Elegant Embroidered Black Abaya is part of Maie Couture's curated edit, designed for day-to-evening styling with versatile couture finishes. Crafted with premium materials and careful finishing, each piece balances timeless elegance with modern sophistication.;1500;;NIS;https://static.wixstatic.com/media/e126e7_72382958d270430c925df6a4b8487938~mv2.jpg;ready-to-wear;Abayas;;;TRUE;TRUE;FALSE;DIRECT_PURCHASE;EVERGREEN;FALSE;Usually ready within 2 weeks.
Black Abaya with gold embroidery and ruby arms;black-abaya-with-gold-embroidery-and-ruby-arms;Black Abaya with gold embroidery and ruby arms: A refined ready-to-wear design for modern everyday elegance.;Black Abaya with gold embroidery and ruby arms is part of Maie Couture's curated edit, designed for day-to-evening styling with versatile couture finishes. Crafted with premium materials and careful finishing, each piece balances timeless elegance with modern sophistication.;850;;NIS;https://static.wixstatic.com/media/e126e7_26201f887c2640d09d459ce97e6ce96b~mv2.jpg;ready-to-wear;Abayas;;;TRUE;TRUE;FALSE;DIRECT_PURCHASE;EVERGREEN;FALSE;Usually ready within 2 weeks.
Colorful Embroidered Long Coat;Colorful-embroidered-coat;Colorful Embroidered Coat: A refined ready-to-wear design for modern everyday elegance.;Colorful Embroidered Coat is part of Maie Couture's curated edit, designed for day-to-evening styling with versatile couture finishes. Crafted with premium materials and careful finishing, each piece balances timeless elegance with modern sophistication.;1800;;NIS;https://static.wixstatic.com/media/e126e7_c9a1e57e23f241c398598198e8734ff7~mv2.jpg;ready-to-wear;Vests and Blazers;;;TRUE;TRUE;FALSE;DIRECT_PURCHASE;EVERGREEN;FALSE;Usually ready within 2 weeks.
White and Gold Bridal Dress with a Twist;white-and-gold-bridal-dress-with-a-twist;White and Gold Bridal Dress with a Twist: A couture bridal piece available through private appointment.;White and Gold Bridal Dress with a Twist is part of Maie Couture's curated edit, designed for bridal appointments and custom fitting sessions. Crafted with premium materials and careful finishing, each piece balances timeless elegance with modern sophistication.;1800;;NIS;https://static.wixstatic.com/media/e126e7_daa7aa40d348474dac728ac9a76d89f6~mv2.jpg;bridal;;Katb Ktab;;TRUE;TRUE;FALSE;APPOINTMENT_ONLY;EVERGREEN;TRUE;Available by appointment
Gold Embroidered White Bridal Dress;gold-embroidered-white-bridal-dress;Gold Embroidered White Bridal Dress: A couture bridal piece available through private appointment.;Gold Embroidered White Bridal Dress is part of Maie Couture's curated edit, designed for bridal appointments and custom fitting sessions. Crafted with premium materials and careful finishing, each piece balances timeless elegance with modern sophistication.;2500;;NIS;https://static.wixstatic.com/media/e126e7_3ff4d09a19ec4818b87548452ae32094~mv2.jpg;bridal;;Katb Ktab;;TRUE;TRUE;FALSE;APPOINTMENT_ONLY;EVERGREEN;TRUE;Available by appointment
Shining Bridal Dress;shining-bridal-dress;Shining Bridal Dress: A couture bridal piece available through private appointment.;Shining Bridal Dress is part of Maie Couture's curated edit, designed for bridal appointments and custom fitting sessions. Crafted with premium materials and careful finishing, each piece balances timeless elegance with modern sophistication.;2500;;NIS;https://static.wixstatic.com/media/e126e7_6d927b17a6ea4c4c80935b3303218ee4~mv2.jpg;bridal;;Katb Ktab;;TRUE;TRUE;FALSE;APPOINTMENT_ONLY;EVERGREEN;TRUE;Available by appointment
Red Cape Detailed Dress;red-cape-detailed-dress;Red Cape Detailed Dress: A couture bridal piece available through private appointment.;Red Cape Detailed Dress is part of Maie Couture's curated edit, designed for bridal appointments and custom fitting sessions. Crafted with premium materials and careful finishing, each piece balances timeless elegance with modern sophistication.;2500;;NIS;https://static.wixstatic.com/media/e126e7_6654dfd0201b4d5880040389828bfc4e~mv2.jpg;bridal;;Katb Ktab;;TRUE;TRUE;FALSE;APPOINTMENT_ONLY;EVERGREEN;TRUE;Available by appointment
Gold Embroidered Dress with Cape;gold-embroidered-dress-with-cape;Gold Embroidered Dress with Cape: A couture bridal piece available through private appointment.;Gold Embroidered Dress with Cape is part of Maie Couture's curated edit, designed for bridal appointments and custom fitting sessions. Crafted with premium materials and careful finishing, each piece balances timeless elegance with modern sophistication.;3000;;NIS;https://static.wixstatic.com/media/e126e7_12347fc72bb04df2855cc5d354413a78~mv2.jpg;bridal;;Katb Ktab;;TRUE;TRUE;FALSE;APPOINTMENT_ONLY;EVERGREEN;TRUE;Available by appointment
Elegant Bridal Dress;elegant-bridal-dress;Elegant Bridal Dress: A couture bridal piece available through private appointment.;Elegant Bridal Dress is part of Maie Couture's curated edit, designed for bridal appointments and custom fitting sessions. Crafted with premium materials and careful finishing, each piece balances timeless elegance with modern sophistication.;3500;;NIS;https://static.wixstatic.com/media/e126e7_7a8546ddaf4e47c586abddb502f72bed~mv2.jpg;bridal;;Henna Dresses;;TRUE;TRUE;FALSE;APPOINTMENT_ONLY;EVERGREEN;TRUE;Available by appointment
Floral Henna Attire;floral-henna-attire;Floral Henna Attire: A couture bridal piece available through private appointment.;Floral Henna Attire is part of Maie Couture's curated edit, designed for bridal appointments and custom fitting sessions. Crafted with premium materials and careful finishing, each piece balances timeless elegance with modern sophistication.;4500;;NIS;https://static.wixstatic.com/media/e126e7_1236bdc0b7a946fa9c0d2d489ff2877d~mv2.jpg;bridal;;Henna Dresses;;TRUE;TRUE;FALSE;APPOINTMENT_ONLY;EVERGREEN;TRUE;Available by appointment
Something Blue Dress;something-blue-dress;Something Blue Dress: A couture bridal piece available through private appointment.;Something Blue Dress is part of Maie Couture's curated edit, designed for bridal appointments and custom fitting sessions. Crafted with premium materials and careful finishing, each piece balances timeless elegance with modern sophistication.;3500;;NIS;https://static.wixstatic.com/media/e126e7_f4269501eedc49d2a37e7218b22984df~mv2.jpg;evening-wear;;;;TRUE;TRUE;FALSE;DIRECT_PURCHASE;EVERGREEN;TRUE;Usually ready within 4 weeks.
Red Embroidered White Dress;red-embroidered-white-dress;Red Embroidered White Dress: A couture bridal piece available through private appointment.;Red Embroidered White Dress is part of Maie Couture's curated edit, designed for bridal appointments and custom fitting sessions. Crafted with premium materials and careful finishing, each piece balances timeless elegance with modern sophistication.;1500;;NIS;https://static.wixstatic.com/media/e126e7_ef84880caf7e45a88b576f3463aac3bc~mv2.jpg;evening-wear;;;;TRUE;TRUE;FALSE;DIRECT_PURCHASE;EVERGREEN;TRUE;Usually ready within 2 weeks.
Vest Dress;vest-dress;Vest Dress: A couture bridal piece available through private appointment.;Vest Dress is part of Maie Couture's curated edit, designed for bridal appointments and custom fitting sessions. Crafted with premium materials and careful finishing, each piece balances timeless elegance with modern sophistication.;1500;;NIS;https://static.wixstatic.com/media/e126e7_62e15e7f479d433bae53f97a053c053b~mv2.jpg;bridal;;Katb Ktab;;TRUE;TRUE;FALSE;APPOINTMENT_ONLY;EVERGREEN;TRUE;Available by appointment
One-Shoulder Midi Dress;one-shoulder-midi-dress;One-Shoulder Midi Dress: A couture bridal piece available through private appointment.;One-Shoulder Midi Dress is part of Maie Couture's curated edit, designed for bridal appointments and custom fitting sessions. Crafted with premium materials and careful finishing, each piece balances timeless elegance with modern sophistication.;1800;;NIS;https://static.wixstatic.com/media/e126e7_f9e9baf764a141dd9301899d25cbe1d9~mv2.jpg;bridal;;Katb Ktab;;TRUE;TRUE;FALSE;APPOINTMENT_ONLY;EVERGREEN;TRUE;Available by appointment
White Floral Dress;white-floral-dress;White Floral Dress: A couture bridal piece available through private appointment.;White Floral Dress is part of Maie Couture's curated edit, designed for bridal appointments and custom fitting sessions. Crafted with premium materials and careful finishing, each piece balances timeless elegance with modern sophistication.;2500;;NIS;https://static.wixstatic.com/media/e126e7_3ba49a1587ac45e996cbfa0be4d93a7b~mv2.jpg;bridal;;Katb Ktab;;TRUE;TRUE;FALSE;APPOINTMENT_ONLY;EVERGREEN;TRUE;Available by appointment
Gold Embroidered White Bridal Dress;gold-embroidered-white-bridal-dress;Gold Embroidered White Bridal Dress: A couture bridal piece available through private appointment.;Gold Embroidered White Bridal Dress is part of Maie Couture's curated edit, designed for bridal appointments and custom fitting sessions. Crafted with premium materials and careful finishing, each piece balances timeless elegance with modern sophistication.;1500;;NIS;https://static.wixstatic.com/media/e126e7_487508c62fff439fbc3e076230d7d263~mv2.jpg;bridal;;Katb Ktab;;TRUE;TRUE;FALSE;APPOINTMENT_ONLY;EVERGREEN;TRUE;Available by appointment
White Bridal Dress;white-bridal-dress;White Bridal Dress: A couture bridal piece available through private appointment.;White Bridal Dress is part of Maie Couture's curated edit, designed for bridal appointments and custom fitting sessions. Crafted with premium materials and careful finishing, each piece balances timeless elegance with modern sophistication.;2000;;NIS;https://static.wixstatic.com/media/e126e7_c80bc5084ac84346b72944e0c8cedb3b~mv2.jpg;bridal;;Katb Ktab;;TRUE;TRUE;FALSE;APPOINTMENT_ONLY;EVERGREEN;TRUE;Available by appointment
White and Red Wear;white-and-red-wear;White and Red Wear: A couture bridal piece available through private appointment.;White and Red Wear is part of Maie Couture's curated edit, designed for bridal appointments and custom fitting sessions. Crafted with premium materials and careful finishing, each piece balances timeless elegance with modern sophistication.;2000;;NIS;https://static.wixstatic.com/media/e126e7_a4f83a3d968641dca6376be38a985290~mv2.jpg;bridal;;Katb Ktab;;TRUE;TRUE;FALSE;APPOINTMENT_ONLY;EVERGREEN;TRUE;Available by appointment
Katb Ktab Wear;katb-ktab-wear;Katb Ktab Wear: A couture bridal piece available through private appointment.;Katb Ktab Wear is part of Maie Couture's curated edit, designed for bridal appointments and custom fitting sessions. Crafted with premium materials and careful finishing, each piece balances timeless elegance with modern sophistication.;2500;;NIS;https://static.wixstatic.com/media/e126e7_7d371e4e8be44662954a5d9921efa287~mv2.jpg;bridal;;Katb Ktab;;TRUE;TRUE;FALSE;APPOINTMENT_ONLY;EVERGREEN;TRUE;Available by appointment
Hand Embroidered Majdalawi Thobe;hand-embroidered-majdalawi-thobe;Majdalawi Thobe, A traditional statement piece inspired by Palestinian heritage.;Majdalawi Thobe: A traditional statement piece inspired by Palestinian heritage.;2500.0;;USD;https://static.wixstatic.com/media/e126e7_5e14cb015248482e9a3f8f4d4e45aa98~mv2.jpg;traditional-wear;;;;TRUE;TRUE;FALSE;DIRECT_PURCHASE;EVERGREEN;FALSE;Each piece is meticulously handcrafted, with production taking approximately 3 months to ensure the highest level of craftsmanship.
Black Thobe with Red and a Touch of Yellow;black-thobe-with-red-and-a-touch-of-yellow;"<p>&nbsp;</p>";"<p>&nbsp;</p>";3500;;NIS;https://static.wixstatic.com/media/e126e7_379e39657aa648328f4d5e20da61ca6c~mv2.jpg;traditional-wear;;;;TRUE;TRUE;FALSE;DIRECT_PURCHASE;EVERGREEN;FALSE;Usually ready within 2 weeks.
Red and Beige Thobe;red-and-beige-thobe;"<p>&nbsp;</p>";"<p>&nbsp;</p>";3500;;NIS;https://static.wixstatic.com/media/e126e7_afe1c7afebd84340ac49aafb8b94b7f9~mv2.jpg;traditional-wear;;;;TRUE;TRUE;FALSE;DIRECT_PURCHASE;EVERGREEN;FALSE;Usually ready within 2 weeks.
Malakeh Thobe in Blue and White;malakeh-thobe-in-blue-and-white;A Malak thobe is a traditional dress from Bethlehem, known for its regal presence and intricate detailing. Crafted from rich, dark fabric, it features elaborate gold or silk embroidery using the tahriri technique, concentrated on the chest panel and sleeves. Its beauty lies in the contrast between the deep base and the bold, refined craftsmanship, creating a look that is both striking and elegant.;<p>P.S: HAND EMBROIDERED THOBES CAN TAKE 3 TO 6 MONTHS IN THE MAKING, CONSULT BEFORE ORDER</p>;2500.0;;USD;https://static.wixstatic.com/media/e126e7_14267e3e2197483a99a596d84637eea3~mv2.jpg;traditional-wear;;;;TRUE;TRUE;FALSE;DIRECT_PURCHASE;EVERGREEN;FALSE;Each piece is meticulously handcrafted, with production taking approximately 3 months to ensure the highest level of craftsmanship.
Flamboyant Majdalawi Thobe;flamboyant-majdalawi-thobe;"<p>&nbsp;</p>";"<p>&nbsp;</p>";3500;;NIS;https://static.wixstatic.com/media/e126e7_f1e42b64b4724189a100dbb6c2d90f32~mv2.jpg;traditional-wear;;;;TRUE;TRUE;FALSE;DIRECT_PURCHASE;EVERGREEN;FALSE;Usually ready within 2 weeks.
Modernized City Thobe;modernized-city-thobe;"<p>&nbsp;</p>";"<p>&nbsp;</p>";3500;;NIS;https://static.wixstatic.com/media/e126e7_8e764625c1ba4418977bb8554093051b~mv2.jpg;traditional-wear;;;;TRUE;TRUE;FALSE;DIRECT_PURCHASE;EVERGREEN;FALSE;Usually ready within 2 weeks.
Floral Ember Thobe;floral-ember-thobe;<p>A modern touch on Palestinian embroidery that mixes between the feminine floral touch and the strong firey embers of the palestinian woman's personality</p>;<p>A modern touch on Palestinian embroidery that mixes between the feminine floral touch and the strong firey embers of the palestinian woman's personality</p>;3500;;NIS;https://static.wixstatic.com/media/e126e7_66de9c4216dc4015b0168b5fe5bcc901~mv2.jpg;traditional-wear;;;;TRUE;TRUE;FALSE;DIRECT_PURCHASE;EVERGREEN;FALSE;Usually ready within 2 weeks.
Thobe with Hand Embroidery Detail;thobe-with-hand-embroidery-detail;"<p>Happy colors for happy days!&nbsp;</p>";"<p>Happy colors for happy days!&nbsp;</p>";4500;;NIS;https://static.wixstatic.com/media/e126e7_467b17d8c5474334a8455e703dc142db~mv2.jpg;traditional-wear;;;;TRUE;TRUE;FALSE;DIRECT_PURCHASE;EVERGREEN;FALSE;Usually ready within 4 weeks.
Hand-Embroidered Emerald Thobe;hand-embroidered-emerald-thobe;"<p>A striking piece featuring traditional tatreez in vibrant shades of burgundy and flame red hand-stitched on the emerald green fabric.&nbsp;</p><p>P.S: HAND EMBROIDERED THOBES CA";"<p>A striking piece featuring traditional tatreez in vibrant shades of burgundy and flame red hand-stitched on the emerald green fabric.&nbsp;</p><p>P.S: HAND EMBROIDERED THOBES CAN TAKE 3 TO 6 MONTHS IN THE MAKING, CONSULT BEFORE ORDER</p>";2000.0;;USD;https://static.wixstatic.com/media/e126e7_3c008cf5f5354531b5577b9a0721752c~mv2.jpg;traditional-wear;;;;TRUE;TRUE;FALSE;DIRECT_PURCHASE;EVERGREEN;FALSE;Each piece is meticulously handcrafted, with production taking approximately 3 months to ensure the highest level of craftsmanship.
Majdalawi Thobe in Green;majdalawi-thobe-in-green;Majdalawi Thobe in Green: A traditional statement piece inspired by Palestinian heritage.;Majdalawi Thobe in Green is part of Maie Couture's curated edit, designed for heritage-inspired craftsmanship and traditional detailing. Crafted with premium materials and careful finishing, each piece balances timeless elegance with modern sophistication.;2500.0;;USD;https://static.wixstatic.com/media/e126e7_6e95c2ae593248509367dedbcceaa895~mv2.jpg;traditional-wear;;;;TRUE;TRUE;FALSE;DIRECT_PURCHASE;EVERGREEN;FALSE;Each piece is meticulously handcrafted, with production taking approximately 3 months to ensure the highest level of craftsmanship.