product_slug,image_url,sort_order,color
lavender-infused-soap,https://static.wixstatic.com/media/e126e7_0b3555d6d232457c848f402baa21b3d0~mv2.png,1,
lavender-infused-soap,https://static.wixstatic.com/media/e126e7_df20a87b8ef34d2498cc679c29ffd333~mv2.png,2,
lavender-infused-soap,https://static.wixstatic.com/media/e126e7_3723a2842e31467fb9866a822a35843c~mv2.png,3,
lavender-infused-soap,https://static.wixstatic.com/media/e126e7_28ba2da157294674a21a46351a8ccd62~mv2.png,4,
lavender-infused-soap,https://static.wixstatic.com/media/e126e7_bffd28338e3548dca6289a56286745a6~mv2.png,5,
lavender-infused-soap,https://static.wixstatic.com/media/e126e7_c3c2bb3cf2c1498bbc379b3edb6be71d~mv2.png,6,
lavender-infused-soap,https://static.wixstatic.com/media/e126e7_d931f746a644469c92e05835b72d4c7e~mv2.png,7,
cedar-wood-soap,https://static.wixstatic.com/media/e126e7_eec14089e38c4b688dd43c2afc2df76e~mv2.png,1,
cedar-wood-soap,https://static.wixstatic.com/media/e126e7_df20a87b8ef34d2498cc679c29ffd333~mv2.png,2,
cedar-wood-soap,https://static.wixstatic.com/media/e126e7_3723a2842e31467fb9866a822a35843c~mv2.png,3,
cedar-wood-soap,https://static.wixstatic.com/media/e126e7_28ba2da157294674a21a46351a8ccd62~mv2.png,4,
cedar-wood-soap,https://static.wixstatic.com/media/e126e7_d7c21868a1b948239ffc7305fe8ced13~mv2.png,5,
cedar-wood-soap,https://static.wixstatic.com/media/e126e7_c3c2bb3cf2c1498bbc379b3edb6be71d~mv2.png,6,
cedar-wood-soap,https://static.wixstatic.com/media/e126e7_d931f746a644469c92e05835b72d4c7e~mv2.png,7,
mint-soap,https://static.wixstatic.com/media/e126e7_59365758559646448e59e0fbbe73d474~mv2.png,1,
mint-soap,https://static.wixstatic.com/media/e126e7_df20a87b8ef34d2498cc679c29ffd333~mv2.png,2,
mint-soap,https://static.wixstatic.com/media/e126e7_3723a2842e31467fb9866a822a35843c~mv2.png,3,
mint-soap,https://static.wixstatic.com/media/e126e7_28ba2da157294674a21a46351a8ccd62~mv2.png,4,
mint-soap,https://static.wixstatic.com/media/e126e7_b0281b275a384378918f15f7d1a4c2ca~mv2.png,5,
mint-soap,https://static.wixstatic.com/media/e126e7_c3c2bb3cf2c1498bbc379b3edb6be71d~mv2.png,6,
mint-soap,https://static.wixstatic.com/media/e126e7_d931f746a644469c92e05835b72d4c7e~mv2.png,7,
damascus-rose-soap,https://static.wixstatic.com/media/e126e7_696334c246b740abac7a48dccb7b3128~mv2.png,1,
damascus-rose-soap,https://static.wixstatic.com/media/e126e7_df20a87b8ef34d2498cc679c29ffd333~mv2.png,2,
damascus-rose-soap,https://static.wixstatic.com/media/e126e7_3723a2842e31467fb9866a822a35843c~mv2.png,3,
damascus-rose-soap,https://static.wixstatic.com/media/e126e7_28ba2da157294674a21a46351a8ccd62~mv2.png,4,
damascus-rose-soap,https://static.wixstatic.com/media/e126e7_492707868bc94173a9f82134b29401bd~mv2.png,5,
damascus-rose-soap,https://static.wixstatic.com/media/e126e7_c3c2bb3cf2c1498bbc379b3edb6be71d~mv2.png,6,
damascus-rose-soap,https://static.wixstatic.com/media/e126e7_d931f746a644469c92e05835b72d4c7e~mv2.png,7,
black-seeds-soap,https://static.wixstatic.com/media/e126e7_701d83418b874ed2b4e8af85f5e8f08e~mv2.png,1,
black-seeds-soap,https://static.wixstatic.com/media/e126e7_df20a87b8ef34d2498cc679c29ffd333~mv2.png,2,
black-seeds-soap,https://static.wixstatic.com/media/e126e7_3723a2842e31467fb9866a822a35843c~mv2.png,3,
black-seeds-soap,https://static.wixstatic.com/media/e126e7_28ba2da157294674a21a46351a8ccd62~mv2.png,4,
black-seeds-soap,https://static.wixstatic.com/media/e126e7_695be81d676c4b2e84e7cd3603909c47~mv2.png,5,
black-seeds-soap,https://static.wixstatic.com/media/e126e7_c3c2bb3cf2c1498bbc379b3edb6be71d~mv2.png,6,
black-seeds-soap,https://static.wixstatic.com/media/e126e7_d931f746a644469c92e05835b72d4c7e~mv2.png,7,
tea-tree-and-charcoal-soap,https://static.wixstatic.com/media/e126e7_6bef28db4fe248a482f06c7a7e5c8855~mv2.png,1,
tea-tree-and-charcoal-soap,https://static.wixstatic.com/media/e126e7_df20a87b8ef34d2498cc679c29ffd333~mv2.png,2,
tea-tree-and-charcoal-soap,https://static.wixstatic.com/media/e126e7_3723a2842e31467fb9866a822a35843c~mv2.png,3,
tea-tree-and-charcoal-soap,https://static.wixstatic.com/media/e126e7_28ba2da157294674a21a46351a8ccd62~mv2.png,4,
tea-tree-and-charcoal-soap,https://static.wixstatic.com/media/e126e7_6d1a44da2ea1452bbf92159f51c8166e~mv2.png,5,
tea-tree-and-charcoal-soap,https://static.wixstatic.com/media/e126e7_c3c2bb3cf2c1498bbc379b3edb6be71d~mv2.png,6,
tea-tree-and-charcoal-soap,https://static.wixstatic.com/media/e126e7_d931f746a644469c92e05835b72d4c7e~mv2.png,7,
embroidered-dress-with-bow-detail,https://static.wixstatic.com/media/e126e7_71999f2eee8c430d93876ff9947a4214~mv2.jpg,1,
embroidered-dress-with-bow-detail,https://static.wixstatic.com/media/e126e7_9e3eeef34fed44cab336fcbeb115c9b1~mv2.jpg,2,
embroidered-dress-with-bow-detail,https://static.wixstatic.com/media/e126e7_2c538bacb6a448fbbb59d461c391e6db~mv2.jpg,3,
embroidered-dress-with-bow-detail,https://static.wixstatic.com/media/e126e7_eca85dd1393d4199859959160e696190~mv2.jpg,4,
embroidered-dress-with-bow-detail,https://static.wixstatic.com/media/e126e7_1d0c61f2b7a241119f65b00a5c5a2bfc~mv2.jpg,5,
high-neck-red-embroidered-dress,https://static.wixstatic.com/media/e126e7_fb5ca937cc194c098c2c80250ebcb3f2~mv2.jpg,1,
high-neck-red-embroidered-dress,https://static.wixstatic.com/media/e126e7_3e5ffb22aff6439ea2833f46c349bfbc~mv2.jpg,2,
high-neck-red-embroidered-dress,https://static.wixstatic.com/media/e126e7_3d96ab434e37438cbd0638cc274e55e7~mv2.jpg,3,
high-neck-red-embroidered-dress,https://static.wixstatic.com/media/e126e7_c91e59e76f12495d965dfbd0b6069536~mv2.jpg,4,
floral-embroidered-dress-in-black,https://static.wixstatic.com/media/e126e7_b188e6c1949443f7a9dc3058b2a027e2~mv2.jpg,1,
floral-embroidered-dress-in-black,https://static.wixstatic.com/media/e126e7_d2a0594c311c41739933d417c7e74b2d~mv2.jpg,2,
floral-embroidered-dress-in-black,https://static.wixstatic.com/media/e126e7_e647940502774b179293609bad14426e~mv2.jpg,3,
floral-embroidered-dress-in-black,https://static.wixstatic.com/media/e126e7_a5005dd006e942618e4263b1e3a7c483~mv2.jpg,4,
floral-embroidered-dress-in-black,https://static.wixstatic.com/media/e126e7_461342fb33ad4a88bf27d018bb256e0b~mv2.jpg,5,
floral-embroidered-dress-in-black,https://static.wixstatic.com/media/e126e7_31138e4ae1d24ae9a74a666cc896ed55~mv2.jpg,6,
floral-embroidered-dress-in-black,https://static.wixstatic.com/media/e126e7_835c0da94d464ef3b19850ce141a0b26~mv2.jpg,7,
floral-embroidered-dress-in-black,https://static.wixstatic.com/media/e126e7_99c15acab26546978a6ec072469a7dd8~mv2.jpg,8,
floral-embroidered-dress,https://static.wixstatic.com/media/e126e7_461342fb33ad4a88bf27d018bb256e0b~mv2.jpg,1,
floral-embroidered-dress,https://static.wixstatic.com/media/e126e7_31138e4ae1d24ae9a74a666cc896ed55~mv2.jpg,2,
floral-embroidered-dress,https://static.wixstatic.com/media/e126e7_835c0da94d464ef3b19850ce141a0b26~mv2.jpg,3,
floral-embroidered-dress,https://static.wixstatic.com/media/e126e7_99c15acab26546978a6ec072469a7dd8~mv2.jpg,4,
floral-embroidered-dress,https://static.wixstatic.com/media/e126e7_b188e6c1949443f7a9dc3058b2a027e2~mv2.jpg,5,
floral-embroidered-dress,https://static.wixstatic.com/media/e126e7_d2a0594c311c41739933d417c7e74b2d~mv2.jpg,6,
floral-embroidered-dress,https://static.wixstatic.com/media/e126e7_e647940502774b179293609bad14426e~mv2.jpg,7,
floral-embroidered-dress,https://static.wixstatic.com/media/e126e7_a5005dd006e942618e4263b1e3a7c483~mv2.jpg,8,
red-embroidered-gold-colored-dress,https://static.wixstatic.com/media/e126e7_dad4959e3596445498ab95665e352239~mv2.jpg,1,
red-embroidered-gold-colored-dress,https://static.wixstatic.com/media/e126e7_32dace7d0bc94f0a89245a0add9c5524~mv2.jpg,2,
red-embroidered-gold-colored-dress,https://static.wixstatic.com/media/e126e7_162644eeb176431ea4c3be688f88db1d~mv2.jpg,3,
red-embroidered-gold-colored-dress,https://static.wixstatic.com/media/e126e7_f000ae316cf346e9a5e535c117312e80~mv2.jpg,4,
red-embroidered-gold-colored-dress,https://static.wixstatic.com/media/e126e7_5bbce9dec68f4c57a70f98c07b6aaee5~mv2.jpg,5,
red-embroidered-gold-colored-dress,https://static.wixstatic.com/media/e126e7_8239055765f048b3bcbf983ccb81d7cf~mv2.jpg,6,
floral-embroidered-midi-dress,https://static.wixstatic.com/media/e126e7_c6b09382d9224ee68a7349cf048c76c8~mv2.jpg,1,
floral-embroidered-midi-dress,https://static.wixstatic.com/media/e126e7_253c62d37476457ab3481aaa352eb068~mv2.jpg,2,
floral-embroidered-midi-dress,https://static.wixstatic.com/media/e126e7_9dad4ef221d7494aaa23d29c22787a6e~mv2.jpg,3,
floral-embroidered-midi-dress,https://static.wixstatic.com/media/e126e7_911313243ab64400a074ddb1af254adc~mv2.jpg,4,
floral-embroidered-midi-dress,https://static.wixstatic.com/media/e126e7_bb83d3873f0144f2ba90dea6673b561e~mv2.jpg,5,
exotic-turquoise-embroidered-dress,https://static.wixstatic.com/media/e126e7_94eaaedfe35e4ac294459066d1eec0c2~mv2.jpg,1,
exotic-turquoise-embroidered-dress,https://static.wixstatic.com/media/e126e7_a9eedf53bb934b5785cea043fb0c92ac~mv2.jpg,2,
exotic-turquoise-embroidered-dress,https://static.wixstatic.com/media/e126e7_dadc3323bc524451a2db65046f0a8910~mv2.jpg,3,
exotic-turquoise-embroidered-dress,https://static.wixstatic.com/media/e126e7_3223b5ac860744d588f44df2e423d99c~mv2.jpg,4,
silver-sequin-embroidered-silk-dress,https://static.wixstatic.com/media/e126e7_cd4c83302fb84f0baaa5b4caf4013bb2~mv2.jpg,1,
silver-sequin-embroidered-silk-dress,https://static.wixstatic.com/media/e126e7_72eda53bbb0f4024852b25a3921a6c26~mv2.jpg,2,
silver-sequin-embroidered-silk-dress,https://static.wixstatic.com/media/e126e7_68bd51e2e6c04cdfb2921da9bbaa01ac~mv2.jpg,3,
silver-sequin-embroidered-silk-dress,https://static.wixstatic.com/media/e126e7_1a651183504d482b86a2c8f943742d5d~mv2.jpg,4,
silver-sequin-embroidered-silk-dress,https://static.wixstatic.com/media/e126e7_4517c10e4b05476db7cd0711d4df5c67~mv2.jpg,5,
beige-dress-with-colored-embroidery-details,https://static.wixstatic.com/media/e126e7_cab847a05e2f4f668cf8e896a21eea28~mv2.jpg,1,
beige-dress-with-colored-embroidery-details,https://static.wixstatic.com/media/e126e7_e618c3fa09164444b65befbccca50624~mv2.jpg,2,
beige-dress-with-colored-embroidery-details,https://static.wixstatic.com/media/e126e7_ab9be36435424d09b1cd34412cbee517~mv2.jpg,3,
beige-dress-with-colored-embroidery-details,https://static.wixstatic.com/media/e126e7_393c96b40fba460286cacb9f1499dd42~mv2.jpg,4,
purple-embroidered-long-dress,https://static.wixstatic.com/media/e126e7_ccd25bde8d7a49a8a9700cab60d6879f~mv2.jpg,1,
purple-embroidered-long-dress,https://static.wixstatic.com/media/e126e7_52549fd62c7141cd8805a1c3e4b4ca00~mv2.jpg,2,
purple-embroidered-long-dress,https://static.wixstatic.com/media/e126e7_70b72203d89343b3a4a181f35319fb67~mv2.jpg,3,
purple-embroidered-long-dress,https://static.wixstatic.com/media/e126e7_9378917273e54b77ab02c869047a8737~mv2.jpg,4,
purple-embroidered-long-dress,https://static.wixstatic.com/media/e126e7_1eda24ed69af414d8835df7c28b1f9f7~mv2.jpg,5,
beige-clutch,https://static.wixstatic.com/media/e126e7_4396d263c7954edbb79c741b88369fe8~mv2.jpg,1,
look-back-black-bag,https://static.wixstatic.com/media/e126e7_3e0807258f8d43bc85e231bae7d4a291~mv2.jpg,1,
small-window-bag-in-brown,https://static.wixstatic.com/media/e126e7_f506f9c977bb4564aedfdaf88eebb3ad~mv2.jpg,1,
small-window-bag-in-brown,https://static.wixstatic.com/media/e126e7_4102b36233184db5b88656290278dffe~mv2.jpg,2,
brown-leather-clutch,https://static.wixstatic.com/media/e126e7_7a60aadb46924d17a558d723d981e2fa~mv2.jpg,1,
flamboyant-embroidered-clutch,https://static.wixstatic.com/media/e126e7_19e8e8c000e94248b8ab38fcb56cf056~mv2.jpg,1,
beige-embroidered-clutch,https://static.wixstatic.com/media/e126e7_1beb5a43f2e549d5b85895ccc5842432~mv2.jpg,1,
small-window-black-leather-bag,https://static.wixstatic.com/media/e126e7_427901b1c809403d91ce1eddca29c38c~mv2.jpg,1,
small-window-black-leather-bag,https://static.wixstatic.com/media/e126e7_43a50d302ae34d8eb5e7529a8ff9f97d~mv2.jpg,2,
black-clutch-with-red-embroidery,https://static.wixstatic.com/media/e126e7_630a53bb37894cd788d112d990582b6b~mv2.jpg,1,
navy-embroidered-clutch,https://static.wixstatic.com/media/e126e7_fc876ab3d92948d685672a88a83eacfe~mv2.jpg,1,
black-leather-clutch,https://static.wixstatic.com/media/e126e7_4db74fba9eb74913be22eb3e176b717d~mv2.jpg,1,
floor-length-open-window-vest,https://static.wixstatic.com/media/e126e7_952ea0c8fbc5412284ca888e22f39336~mv2.jpg,1,
floor-length-open-window-vest,https://static.wixstatic.com/media/e126e7_75fbc86d6e364ed9be5ede869d958194~mv2.jpg,2,
floor-length-open-window-vest,https://static.wixstatic.com/media/e126e7_f4309e47a6f14dbf8be349c93d9be622~mv2.jpg,3,
floor-length-open-window-vest,https://static.wixstatic.com/media/e126e7_df4e2a36dabd4a2f8942890d0ceed11c~mv2.jpg,4,
floor-length-open-window-vest,https://static.wixstatic.com/media/e126e7_d85b4a472e3044b9a3c6a88b47134797~mv2.jpg,5,
white-blazer-with-red-embroidery,https://static.wixstatic.com/media/e126e7_5108214fd3774c44a31f30d173985f0c~mv2.jpg,1,
white-blazer-with-red-embroidery,https://static.wixstatic.com/media/e126e7_01c114272d514c1bb5325659daa5f52d~mv2.jpg,2,
white-blazer-with-red-embroidery,https://static.wixstatic.com/media/e126e7_3ee340dc05f24c32bde3b4765a52a344~mv2.jpg,3,
white-blazer-with-red-embroidery,https://static.wixstatic.com/media/e126e7_042d50e44726478896de73afc2d73174~mv2.jpg,4,
kufiyyeh-vest,https://static.wixstatic.com/media/e126e7_a60162311d214bd49efc2fe658ac8d13~mv2.jpg,1,
kufiyyeh-vest,https://static.wixstatic.com/media/e126e7_1432e24e3c774a4e84781f015a55d187~mv2.jpg,2,
kufiyyeh-vest,https://static.wixstatic.com/media/e126e7_3a8bfc3617b14b21a222dd4d1c8db340~mv2.jpg,3,
hand-embroidered-blue-blazer,https://static.wixstatic.com/media/e126e7_312282bcf10c4929887a5166566a501b~mv2.jpg,1,
hand-embroidered-blue-blazer,https://static.wixstatic.com/media/e126e7_3a8960d4c474492fa7f4ffabe5bbec5c~mv2.jpg,2,
hand-embroidered-blue-blazer,https://static.wixstatic.com/media/e126e7_f562df7c09664417897a2fc917438685~mv2.jpg,3,
black-blazer-with-floral-embroidery-details,https://static.wixstatic.com/media/e126e7_7604895065154e0e9ac363b2b8b92b9d~mv2.jpg,1,
black-blazer-with-floral-embroidery-details,https://static.wixstatic.com/media/e126e7_3355b2a4cc3749289b35412e36136f1e~mv2.jpg,2,
black-blazer-with-floral-embroidery-details,https://static.wixstatic.com/media/e126e7_966f1c68c22e4192ac3ce5f3fe74171e~mv2.jpg,3,
black-blazer-with-floral-embroidery-details,https://static.wixstatic.com/media/e126e7_e0455ce29aed41f8a8ececfb41ee38c1~mv2.jpg,4,
white-blazer-with-floral-embroidery-details,https://static.wixstatic.com/media/e126e7_1097095a7f464cda9089d11a16481521~mv2.jpg,1,
white-blazer-with-floral-embroidery-details,https://static.wixstatic.com/media/e126e7_aa7f74892bec41bda1f24ce4782313e6~mv2.jpg,2,
white-blazer-with-floral-embroidery-details,https://static.wixstatic.com/media/e126e7_5fb4450756dd4bf486ee44939ee4dedf~mv2.jpg,3,
embroidered-trench-coat,https://static.wixstatic.com/media/e126e7_3a5ec68c818d4547b22f5a028425cf9f~mv2.jpg,1,
embroidered-trench-coat,https://static.wixstatic.com/media/e126e7_2d11ec6fedbe47aba9c3b237fd27adc3~mv2.jpg,2,
embroidered-trench-coat,https://static.wixstatic.com/media/e126e7_990497b511774530a1c1308c292571c7~mv2.jpg,3,
embroidered-trench-coat,https://static.wixstatic.com/media/e126e7_36a386ec9d844aa3a43fa4c11c6f9a39~mv2.jpg,4,
floor-length-vest,https://static.wixstatic.com/media/e126e7_850f444821ec4670acbcde92ba68b469~mv2.jpg,1,
floor-length-vest,https://static.wixstatic.com/media/e126e7_fa8c52dc41c948f88008e8de7f9d099c~mv2.jpg,2,
floor-length-vest,https://static.wixstatic.com/media/e126e7_5673bc6706a4449aad8323b426d993ef~mv2.jpg,3,
floor-length-vest,https://static.wixstatic.com/media/e126e7_1893f143a8ab4a099d43bd643fa662e5~mv2.jpg,4,
floor-length-vest,https://static.wixstatic.com/media/e126e7_24cd1b73ea4846d9ab186d33026fae1b~mv2.jpg,5,
floor-length-vest,https://static.wixstatic.com/media/e126e7_1327bb18d1ea431ba509eaf6eca9c4c4~mv2.jpg,6,
colorful-embroidered-cape,https://static.wixstatic.com/media/e126e7_f31c3f1295264e6e925f356da2f6971b~mv2.jpg,1,
colorful-embroidered-cape,https://static.wixstatic.com/media/e126e7_5574ef338c9e4cde8a805612ac9ec1c9~mv2.jpg,2,
colorful-embroidered-cape,https://static.wixstatic.com/media/e126e7_eeb07ac0c72646f1b8d716d2ee923e66~mv2.jpg,3,
colorful-embroidered-cape,https://static.wixstatic.com/media/e126e7_415db0c4944148108d502df98f3c0251~mv2.jpg,4,
colorful-embroidered-cape,https://static.wixstatic.com/media/e126e7_498c8e804bc043179e4498ec1581584c~mv2.jpg,5,
colorful-embroidered-cape,https://static.wixstatic.com/media/e126e7_b73573ea4ff44bddbd394dadc1e82656~mv2.jpg,6,
colorful-embroidered-cape,https://static.wixstatic.com/media/e126e7_b347609418ee45fbb6051f3944fcb1b3~mv2.jpg,7,
colorful-embroidered-cape,https://static.wixstatic.com/media/e126e7_c1700cee390b4668b62a9d9eb76c7797~mv2.jpg,8,
colorful-embroidered-cape,https://static.wixstatic.com/media/e126e7_50262e9041fb4f1aaf6d34092137593d~mv2.jpg,9,
colorfully-embroidered-kimono-in-red,https://static.wixstatic.com/media/e126e7_415db0c4944148108d502df98f3c0251~mv2.jpg,1,
colorfully-embroidered-kimono-in-red,https://static.wixstatic.com/media/e126e7_498c8e804bc043179e4498ec1581584c~mv2.jpg,2,
colorfully-embroidered-kimono-in-red,https://static.wixstatic.com/media/e126e7_b73573ea4ff44bddbd394dadc1e82656~mv2.jpg,3,
colorfully-embroidered-kimono-in-red,https://static.wixstatic.com/media/e126e7_b347609418ee45fbb6051f3944fcb1b3~mv2.jpg,4,
colorfully-embroidered-kimono-in-red,https://static.wixstatic.com/media/e126e7_c1700cee390b4668b62a9d9eb76c7797~mv2.jpg,5,
colorfully-embroidered-kimono-in-red,https://static.wixstatic.com/media/e126e7_50262e9041fb4f1aaf6d34092137593d~mv2.jpg,6,
colorfully-embroidered-kimono-in-red,https://static.wixstatic.com/media/e126e7_567a86f2e32d4c6dab4633cc62c8de23~mv2.jpg,7,
colorfully-embroidered-kimono-in-red,https://static.wixstatic.com/media/e126e7_164cb9742ffc44e6b348aef383e5d47a~mv2.jpg,8,
colorfully-embroidered-kimono-in-red,https://static.wixstatic.com/media/e126e7_cf5d88b8f27e4b8fb4ad7aee95280a36~mv2.jpg,9,
colorfully-embroidered-kimono,https://static.wixstatic.com/media/e126e7_b347609418ee45fbb6051f3944fcb1b3~mv2.jpg,1,
colorfully-embroidered-kimono,https://static.wixstatic.com/media/e126e7_c1700cee390b4668b62a9d9eb76c7797~mv2.jpg,2,
colorfully-embroidered-kimono,https://static.wixstatic.com/media/e126e7_50262e9041fb4f1aaf6d34092137593d~mv2.jpg,3,
colorfully-embroidered-kimono,https://static.wixstatic.com/media/e126e7_567a86f2e32d4c6dab4633cc62c8de23~mv2.jpg,4,
colorfully-embroidered-kimono,https://static.wixstatic.com/media/e126e7_164cb9742ffc44e6b348aef383e5d47a~mv2.jpg,5,
colorfully-embroidered-kimono,https://static.wixstatic.com/media/e126e7_cf5d88b8f27e4b8fb4ad7aee95280a36~mv2.jpg,6,
colorfully-embroidered-kimono,https://static.wixstatic.com/media/e126e7_415db0c4944148108d502df98f3c0251~mv2.jpg,7,
colorfully-embroidered-kimono,https://static.wixstatic.com/media/e126e7_498c8e804bc043179e4498ec1581584c~mv2.jpg,8,
colorfully-embroidered-kimono,https://static.wixstatic.com/media/e126e7_b73573ea4ff44bddbd394dadc1e82656~mv2.jpg,9,
lace-detailed-embroidered-set,https://static.wixstatic.com/media/e126e7_8e43df2f55144bfa995840f79e9f6b64~mv2.jpg,1,
lace-detailed-embroidered-set,https://static.wixstatic.com/media/e126e7_1abe2cea47d6445dbb2ff22423f614e2~mv2.jpg,2,
lace-detailed-embroidered-set,https://static.wixstatic.com/media/e126e7_7b9db2610be84fed9b6d4386e834b72f~mv2.jpg,3,
lace-detailed-embroidered-set,https://static.wixstatic.com/media/e126e7_b8296acc73d14f09b134c65d163c949d~mv2.jpg,4,
hard-silk-embroidered-set,https://static.wixstatic.com/media/e126e7_b8761db8027a4b07a50243a337f15118~mv2.jpg,1,
hard-silk-embroidered-set,https://static.wixstatic.com/media/e126e7_db8449028bb44d64a0cff23f7ff89dd7~mv2.jpg,2,
hard-silk-embroidered-set,https://static.wixstatic.com/media/e126e7_69eac39aa6ad4c789577aabf8224088d~mv2.jpg,3,
hard-silk-embroidered-set,https://static.wixstatic.com/media/e126e7_bf9e12ca8c8541dc831f684f65eb3fbc~mv2.jpg,4,
olive-green-set,https://static.wixstatic.com/media/e126e7_ddd9f5c5761049aa924aecaada1c847c~mv2.jpg,1,
olive-green-set,https://static.wixstatic.com/media/e126e7_d4d72fddbad54392af036a1ef04f4a8a~mv2.jpg,2,
olive-green-set,https://static.wixstatic.com/media/e126e7_d5ac53ce2fc04334a8312a17fbcbbef4~mv2.jpg,3,
olive-green-set,https://static.wixstatic.com/media/e126e7_f1a11c84f02e4d4a966be9dfdf432fec~mv2.jpg,4,
maxi-embroidered-skirt-set,https://static.wixstatic.com/media/e126e7_fa0160c06e0a4f19a9d5fa8dfc820bde~mv2.jpg,1,
maxi-embroidered-skirt-set,https://static.wixstatic.com/media/e126e7_6103bf854b9944238d11544e5dadbb42~mv2.jpg,2,
maxi-embroidered-skirt-set,https://static.wixstatic.com/media/e126e7_b9362ec8575b492a8590b05e86d9dd41~mv2.jpg,3,
maxi-embroidered-skirt-set,https://static.wixstatic.com/media/e126e7_792cb458091c410db117a075277364e0~mv2.jpg,4,
red-and-yellow-embroidered-black-jumpsuit,https://static.wixstatic.com/media/e126e7_c4c9cff7d0de4b9f97dc3cce3c87d797~mv2.jpg,1,
red-and-yellow-embroidered-black-jumpsuit,https://static.wixstatic.com/media/e126e7_499eb35e28524185aa04a7594e1cb1bc~mv2.jpg,2,
red-and-yellow-embroidered-black-jumpsuit,https://static.wixstatic.com/media/e126e7_91625cb37c2748509417caa4aba41211~mv2.jpg,3,
red-and-yellow-embroidered-black-jumpsuit,https://static.wixstatic.com/media/e126e7_bb5b3bae95304af4a0281e9125888635~mv2.jpg,4,
red-tatreez-jumpsuit,https://static.wixstatic.com/media/e126e7_4c8f519e4c114613afb81c23c3cb93ca~mv2.jpg,1,
red-tatreez-jumpsuit,https://static.wixstatic.com/media/e126e7_a30b23135e984b9a9f07dba1cb0aace9~mv2.jpg,2,
red-tatreez-jumpsuit,https://static.wixstatic.com/media/e126e7_e6a550a32f4745ecb2a08aaaebc90269~mv2.jpg,3,
red-tatreez-jumpsuit,https://static.wixstatic.com/media/e126e7_f7fb8379873c4be1b9e963e5699af80e~mv2.jpg,4,
long-sleeve-jumpsuit,https://static.wixstatic.com/media/e126e7_159855b05bd9427094fe8533e2ad9ba6~mv2.jpg,1,
long-sleeve-jumpsuit,https://static.wixstatic.com/media/e126e7_22e325f7af354c40b118ca7748f99c8f~mv2.jpg,2,
long-sleeve-jumpsuit,https://static.wixstatic.com/media/e126e7_a619dc1c4bcd4ab7b286b0dfa141c732~mv2.jpg,3,
long-sleeve-jumpsuit,https://static.wixstatic.com/media/e126e7_fbc85b134d1b484f888c1cde5a25ca9b~mv2.jpg,4,
long-sleeve-jumpsuit,https://static.wixstatic.com/media/e126e7_fe3531aec68f4e66b7cc2030953a2361~mv2.jpg,5,
floral-embroidered-jumpsuit,https://static.wixstatic.com/media/e126e7_916cb56fa96640a7b9014b36e652aba2~mv2.jpg,1,
floral-embroidered-jumpsuit,https://static.wixstatic.com/media/e126e7_67a10d7ffd6343559e0f3adae5012d51~mv2.jpg,2,
floral-embroidered-jumpsuit,https://static.wixstatic.com/media/e126e7_e767de455cc946f69110d3fe2be7b57b~mv2.jpg,3,
floral-embroidered-jumpsuit,https://static.wixstatic.com/media/e126e7_62ea9d6bca1a437283fb40f55fd067be~mv2.jpg,4,
floral-embroidered-jumpsuit,https://static.wixstatic.com/media/e126e7_0405b001859042b4a4cad749516ef9ec~mv2.jpg,5,
red-open-window-white-jumpsuit,https://static.wixstatic.com/media/e126e7_c15d3556073d4ceda1711a563d5bd3df~mv2.jpg,1,
red-open-window-white-jumpsuit,https://static.wixstatic.com/media/e126e7_cf1d640d29f846c59bf0363822a50131~mv2.jpg,2,
red-open-window-white-jumpsuit,https://static.wixstatic.com/media/e126e7_60f9f1e0f3374530b57ff54a36457a0a~mv2.jpg,3,
red-open-window-white-jumpsuit,https://static.wixstatic.com/media/e126e7_b7c8ae2142ed466eafb40a4632b4055c~mv2.jpg,4,
off-the-shoulder-jumpsuit,https://static.wixstatic.com/media/e126e7_0ab5fdaa687345d5b5a6a1155430f2f2~mv2.jpg,1,
off-the-shoulder-jumpsuit,https://static.wixstatic.com/media/e126e7_9c97a598139b423ab740c9cf772de48c~mv2.jpg,2,
off-the-shoulder-jumpsuit,https://static.wixstatic.com/media/e126e7_49fcd519947f4da0a1520d177bc9f061~mv2.jpg,3,
off-the-shoulder-jumpsuit,https://static.wixstatic.com/media/e126e7_030d2f26682a4b689790fa76d4eb9816~mv2.jpg,4,
off-the-shoulder-jumpsuit,https://static.wixstatic.com/media/e126e7_bb3e8192aa98486e8f20c4c67ac0348d~mv2.jpg,5,
dark-blue-embroidered-jumpsuit,https://static.wixstatic.com/media/e126e7_b547b12429394c2e917e698b3ad2c3d6~mv2.jpg,1,
dark-blue-embroidered-jumpsuit,https://static.wixstatic.com/media/e126e7_eab7c6d24a3e4e45b97f1d7188ae16fb~mv2.jpg,2,
dark-blue-embroidered-jumpsuit,https://static.wixstatic.com/media/e126e7_39a262f8c7c142a296fafee982dd342b~mv2.jpg,3,
dark-blue-embroidered-jumpsuit,https://static.wixstatic.com/media/e126e7_8616d90cb579410d9008f7ec96776769~mv2.jpg,4,
pomegranate-red-beige-abaya,https://static.wixstatic.com/media/e126e7_469591bc17b747f9a2689faee50e4d98~mv2.jpg,1,
pomegranate-red-beige-abaya,https://static.wixstatic.com/media/e126e7_bf5d10a1c58c4ce0929e7ab26ce79454~mv2.jpg,2,
pomegranate-red-beige-abaya,https://static.wixstatic.com/media/e126e7_5a768876639e410699d0573dbc133ff5~mv2.jpg,3,
pomegranate-red-beige-abaya,https://static.wixstatic.com/media/e126e7_f7d993ec4b3041cb965af89f8670263c~mv2.jpg,4,
pomegranate-red-beige-abaya,https://static.wixstatic.com/media/e126e7_ccf332c5b921478f934abfb6285b411c~mv2.jpg,5,
pomegranate-red-beige-abaya,https://static.wixstatic.com/media/e126e7_76c7093ab48743a2bc69e9ef92216b81~mv2.jpg,6,
pomegranate-red-beige-abaya,https://static.wixstatic.com/media/e126e7_86f2e2f442dd470e9f1cb2b020294861~mv2.jpg,7,
pomegranate-red-beige-abaya,https://static.wixstatic.com/media/e126e7_02fb4146f87c465aa67378f331d03672~mv2.jpg,8,
pomegranate-red-beige-abaya,https://static.wixstatic.com/media/e126e7_68c3aa9150d1435c96ad5d405172c77d~mv2.jpg,9,
pomegranate-red-beige-abaya,https://static.wixstatic.com/media/e126e7_be35d192018f4d4cb685b9fa8b7a9a06~mv2.jpg,10,
olive-green-beige-abaya,https://static.wixstatic.com/media/e126e7_76c7093ab48743a2bc69e9ef92216b81~mv2.jpg,1,
olive-green-beige-abaya,https://static.wixstatic.com/media/e126e7_86f2e2f442dd470e9f1cb2b020294861~mv2.jpg,2,
olive-green-beige-abaya,https://static.wixstatic.com/media/e126e7_02fb4146f87c465aa67378f331d03672~mv2.jpg,3,
olive-green-beige-abaya,https://static.wixstatic.com/media/e126e7_68c3aa9150d1435c96ad5d405172c77d~mv2.jpg,4,
olive-green-beige-abaya,https://static.wixstatic.com/media/e126e7_be35d192018f4d4cb685b9fa8b7a9a06~mv2.jpg,5,
olive-green-beige-abaya,https://static.wixstatic.com/media/e126e7_bf5d10a1c58c4ce0929e7ab26ce79454~mv2.jpg,6,
olive-green-beige-abaya,https://static.wixstatic.com/media/e126e7_469591bc17b747f9a2689faee50e4d98~mv2.jpg,7,
olive-green-beige-abaya,https://static.wixstatic.com/media/e126e7_5a768876639e410699d0573dbc133ff5~mv2.jpg,8,
olive-green-beige-abaya,https://static.wixstatic.com/media/e126e7_f7d993ec4b3041cb965af89f8670263c~mv2.jpg,9,
olive-green-beige-abaya,https://static.wixstatic.com/media/e126e7_ccf332c5b921478f934abfb6285b411c~mv2.jpg,10,
color-rich-embroidered-black-abaya,https://static.wixstatic.com/media/e126e7_ee478d0721024f59855b4287dc76ae08~mv2.jpg,1,
color-rich-embroidered-black-abaya,https://static.wixstatic.com/media/e126e7_87dbc37e6b634bbd8213c0a80c623138~mv2.jpg,2,
color-rich-embroidered-black-abaya,https://static.wixstatic.com/media/e126e7_6a47bb6a63684a3c9810a25d0ef0e48e~mv2.jpg,3,
color-rich-embroidered-black-abaya,https://static.wixstatic.com/media/e126e7_c36e8085e7d349549180386bcd99c8c6~mv2.jpg,4,
color-rich-embroidered-black-abaya,https://static.wixstatic.com/media/e126e7_211b83f076b44831ab162917506c15cf~mv2.jpg,5,
color-rich-embroidered-black-abaya,https://static.wixstatic.com/media/e126e7_0753a8867db84021a858dffb2c2bca28~mv2.jpg,6,
color-rich-embroidered-black-abaya,https://static.wixstatic.com/media/e126e7_ccac0fe3326d453788e1213c0974e797~mv2.jpg,7,
color-rich-embroidered-black-abaya,https://static.wixstatic.com/media/e126e7_63eaec70771b44c8b7d7c8c3f8eff0ad~mv2.jpg,8,
color-rich-embroidered-black-abaya,https://static.wixstatic.com/media/e126e7_d6b922f0cbdc4560813cb5bf87ffef17~mv2.jpg,9,
color-rich-embroidered-black-abaya,https://static.wixstatic.com/media/e126e7_044852a257b04b6486d617fef3370bc9~mv2.jpg,10,
color-rich-embroidered-black-abaya,https://static.wixstatic.com/media/e126e7_ffdad8b99f944d1da0a851b8ab59da6d~mv2.jpg,11,
color-rich-embroidered-black-abaya,https://static.wixstatic.com/media/e126e7_dee0fe491d97487bbe756fafbaadbc40~mv2.jpg,12,
color-rich-embroidered-black-abaya,https://static.wixstatic.com/media/e126e7_792ac18d3d224d7a92c868ccba3bc47c~mv2.jpg,13,
color-rich-embroidered-black-abaya,https://static.wixstatic.com/media/e126e7_211b83f076b44831ab162917506c15cf~mv2.jpg,1,
color-rich-embroidered-black-abaya,https://static.wixstatic.com/media/e126e7_c36e8085e7d349549180386bcd99c8c6~mv2.jpg,2,
color-rich-embroidered-black-abaya,https://static.wixstatic.com/media/e126e7_0753a8867db84021a858dffb2c2bca28~mv2.jpg,3,
color-rich-embroidered-black-abaya,https://static.wixstatic.com/media/e126e7_ccac0fe3326d453788e1213c0974e797~mv2.jpg,4,
color-rich-embroidered-black-abaya,https://static.wixstatic.com/media/e126e7_87dbc37e6b634bbd8213c0a80c623138~mv2.jpg,5,
color-rich-embroidered-black-abaya,https://static.wixstatic.com/media/e126e7_dee0fe491d97487bbe756fafbaadbc40~mv2.jpg,6,
color-rich-embroidered-black-abaya,https://static.wixstatic.com/media/e126e7_ee478d0721024f59855b4287dc76ae08~mv2.jpg,7,
color-rich-embroidered-black-abaya,https://static.wixstatic.com/media/e126e7_792ac18d3d224d7a92c868ccba3bc47c~mv2.jpg,8,
color-rich-embroidered-black-abaya,https://static.wixstatic.com/media/e126e7_6a47bb6a63684a3c9810a25d0ef0e48e~mv2.jpg,9,
color-rich-embroidered-black-abaya,https://static.wixstatic.com/media/e126e7_d6b922f0cbdc4560813cb5bf87ffef17~mv2.jpg,10,
color-rich-embroidered-black-abaya,https://static.wixstatic.com/media/e126e7_044852a257b04b6486d617fef3370bc9~mv2.jpg,11,
color-rich-embroidered-black-abaya,https://static.wixstatic.com/media/e126e7_ffdad8b99f944d1da0a851b8ab59da6d~mv2.jpg,12,
color-rich-embroidered-black-abaya,https://static.wixstatic.com/media/e126e7_d6b922f0cbdc4560813cb5bf87ffef17~mv2.jpg,1,
color-rich-embroidered-black-abaya,https://static.wixstatic.com/media/e126e7_87dbc37e6b634bbd8213c0a80c623138~mv2.jpg,2,
color-rich-embroidered-black-abaya,https://static.wixstatic.com/media/e126e7_dee0fe491d97487bbe756fafbaadbc40~mv2.jpg,3,
color-rich-embroidered-black-abaya,https://static.wixstatic.com/media/e126e7_ee478d0721024f59855b4287dc76ae08~mv2.jpg,4,
color-rich-embroidered-black-abaya,https://static.wixstatic.com/media/e126e7_792ac18d3d224d7a92c868ccba3bc47c~mv2.jpg,5,
color-rich-embroidered-black-abaya,https://static.wixstatic.com/media/e126e7_c36e8085e7d349549180386bcd99c8c6~mv2.jpg,6,
color-rich-embroidered-black-abaya,https://static.wixstatic.com/media/e126e7_211b83f076b44831ab162917506c15cf~mv2.jpg,7,
color-rich-embroidered-black-abaya,https://static.wixstatic.com/media/e126e7_0753a8867db84021a858dffb2c2bca28~mv2.jpg,8,
color-rich-embroidered-black-abaya,https://static.wixstatic.com/media/e126e7_63eaec70771b44c8b7d7c8c3f8eff0ad~mv2.jpg,9,
color-rich-embroidered-black-abaya,https://static.wixstatic.com/media/e126e7_6a47bb6a63684a3c9810a25d0ef0e48e~mv2.jpg,10,
color-rich-embroidered-black-abaya,https://static.wixstatic.com/media/e126e7_044852a257b04b6486d617fef3370bc9~mv2.jpg,11,
color-rich-embroidered-black-abaya,https://static.wixstatic.com/media/e126e7_ffdad8b99f944d1da0a851b8ab59da6d~mv2.jpg,12,
elegant-embroidered-black-abaya,https://static.wixstatic.com/media/e126e7_72382958d270430c925df6a4b8487938~mv2.jpg,1,
elegant-embroidered-black-abaya,https://static.wixstatic.com/media/e126e7_ac5f98c608784ffc944123145c34d08a~mv2.jpg,2,
elegant-embroidered-black-abaya,https://static.wixstatic.com/media/e126e7_c7befaa945f643ad8931246184875cd6~mv2.jpg,3,
elegant-embroidered-black-abaya,https://static.wixstatic.com/media/e126e7_5c81927a45754fc69cdb1a3c5bacb302~mv2.jpg,4,
black-abaya-with-gold-embroidery-and-ruby-arms,https://static.wixstatic.com/media/e126e7_26201f887c2640d09d459ce97e6ce96b~mv2.jpg,1,
black-abaya-with-gold-embroidery-and-ruby-arms,https://static.wixstatic.com/media/e126e7_79d3cbbbe49e4f37af30374cbc7fc5cb~mv2.jpg,2,
black-abaya-with-gold-embroidery-and-ruby-arms,https://static.wixstatic.com/media/e126e7_6639fabb97ad4ce08efd0ba3177dc543~mv2.jpg,3,
black-abaya-with-gold-embroidery-and-ruby-arms,https://static.wixstatic.com/media/e126e7_68c5904635174f8b8050715bd9592d4b~mv2.jpg,4,
black-abaya-with-gold-embroidery-and-ruby-arms,https://static.wixstatic.com/media/e126e7_f8b7f2874e844741861b36bf0f3e543c~mv2.jpg,5,
black-abaya-with-gold-embroidery-and-ruby-arms,https://static.wixstatic.com/media/e126e7_c90390ef804548b6aea549b6f695d145~mv2.jpg,6,
black-abaya-with-gold-embroidery-and-ruby-arms,https://static.wixstatic.com/media/e126e7_34156b0229e441868a150b724cd9fb69~mv2.jpg,7,
black-abaya-with-gold-embroidery-and-ruby-arms,https://static.wixstatic.com/media/e126e7_597935368996430398bd51589269dbbd~mv2.jpg,8,
black-abaya-with-gold-embroidery-and-ruby-arms,https://static.wixstatic.com/media/e126e7_db511e36fe5442cdb3acc6150d00d25a~mv2.jpg,9,
colorful-embroidered-abaya,https://static.wixstatic.com/media/e126e7_c9a1e57e23f241c398598198e8734ff7~mv2.jpg,1,
colorful-embroidered-abaya,https://static.wixstatic.com/media/e126e7_3520233787af4ecfa2ba5cd1a665e737~mv2.jpg,2,
colorful-embroidered-abaya,https://static.wixstatic.com/media/e126e7_21a28ccce8a34772836e68295b0cb5ec~mv2.jpg,3,
colorful-embroidered-abaya,https://static.wixstatic.com/media/e126e7_6e78bb250a804f9a87ae04b47be76af4~mv2.jpg,4,
colorful-embroidered-abaya,https://static.wixstatic.com/media/e126e7_9ffadfdbe8ca4384ae50a40bb8ec9e58~mv2.jpg,5,
colorful-embroidered-abaya,https://static.wixstatic.com/media/e126e7_519c185b08f04afdb3bfc3895a0836d7~mv2.jpg,6,
white-and-gold-bridal-dress-with-a-twist,https://static.wixstatic.com/media/e126e7_daa7aa40d348474dac728ac9a76d89f6~mv2.jpg,1,
white-and-gold-bridal-dress-with-a-twist,https://static.wixstatic.com/media/e126e7_3ff4d09a19ec4818b87548452ae32094~mv2.jpg,2,
white-and-gold-bridal-dress-with-a-twist,https://static.wixstatic.com/media/e126e7_487508c62fff439fbc3e076230d7d263~mv2.jpg,3,
white-and-gold-bridal-dress-with-a-twist,https://static.wixstatic.com/media/e126e7_5c7c900ee15d4a08b1aaac13084620f7~mv2.jpg,4,
white-and-gold-bridal-dress-with-a-twist,https://static.wixstatic.com/media/e126e7_037626905c944fc5898e8c9092bafb76~mv2.jpg,5,
white-and-gold-bridal-dress-with-a-twist,https://static.wixstatic.com/media/e126e7_eaa768a6849b4518aef00a5dd92a7557~mv2.jpg,6,
white-and-gold-bridal-dress-with-a-twist,https://static.wixstatic.com/media/e126e7_8e8401c7eb374e0bb831e02ef9d54a25~mv2.jpg,7,
white-and-gold-bridal-dress-with-a-twist,https://static.wixstatic.com/media/e126e7_70d6a642fe0340c4b14324ceae52bfc1~mv2.jpg,8,
white-and-gold-bridal-dress-with-a-twist,https://static.wixstatic.com/media/e126e7_b04fb2798ff14f329da62ff05cc6e7e7~mv2.jpg,9,
gold-embroidered-white-bridal-dress,https://static.wixstatic.com/media/e126e7_3ff4d09a19ec4818b87548452ae32094~mv2.jpg,1,
gold-embroidered-white-bridal-dress,https://static.wixstatic.com/media/e126e7_487508c62fff439fbc3e076230d7d263~mv2.jpg,2,
gold-embroidered-white-bridal-dress,https://static.wixstatic.com/media/e126e7_5c7c900ee15d4a08b1aaac13084620f7~mv2.jpg,3,
gold-embroidered-white-bridal-dress,https://static.wixstatic.com/media/e126e7_037626905c944fc5898e8c9092bafb76~mv2.jpg,4,
gold-embroidered-white-bridal-dress,https://static.wixstatic.com/media/e126e7_eaa768a6849b4518aef00a5dd92a7557~mv2.jpg,5,
gold-embroidered-white-bridal-dress,https://static.wixstatic.com/media/e126e7_8e8401c7eb374e0bb831e02ef9d54a25~mv2.jpg,6,
gold-embroidered-white-bridal-dress,https://static.wixstatic.com/media/e126e7_70d6a642fe0340c4b14324ceae52bfc1~mv2.jpg,7,
gold-embroidered-white-bridal-dress,https://static.wixstatic.com/media/e126e7_daa7aa40d348474dac728ac9a76d89f6~mv2.jpg,8,
gold-embroidered-white-bridal-dress,https://static.wixstatic.com/media/e126e7_b04fb2798ff14f329da62ff05cc6e7e7~mv2.jpg,9,
shining-bridal-dress,https://static.wixstatic.com/media/e126e7_6d927b17a6ea4c4c80935b3303218ee4~mv2.jpg,1,
shining-bridal-dress,https://static.wixstatic.com/media/e126e7_c80bc5084ac84346b72944e0c8cedb3b~mv2.jpg,2,
shining-bridal-dress,https://static.wixstatic.com/media/e126e7_9c50d765f2904ee78da5c3043d6b47a2~mv2.jpg,3,
shining-bridal-dress,https://static.wixstatic.com/media/e126e7_46783ec83be74c3bb74b54c16391cf29~mv2.jpg,4,
shining-bridal-dress,https://static.wixstatic.com/media/e126e7_0c05a67418c04b98a633b3477183616e~mv2.jpg,5,
shining-bridal-dress,https://static.wixstatic.com/media/e126e7_55208f090586409493508d5f76493783~mv2.jpg,6,
shining-bridal-dress,https://static.wixstatic.com/media/e126e7_fd3749095863487f89ef0c2ba494be13~mv2.jpg,7,
shining-bridal-dress,https://static.wixstatic.com/media/e126e7_99b9af03e12e462db118c25df2e53a4b~mv2.jpg,8,
red-cape-detailed-dress,https://static.wixstatic.com/media/e126e7_6654dfd0201b4d5880040389828bfc4e~mv2.jpg,1,
red-cape-detailed-dress,https://static.wixstatic.com/media/e126e7_bbdf20615e4d48a484f8b3c540d5fbf9~mv2.jpg,2,
red-cape-detailed-dress,https://static.wixstatic.com/media/e126e7_4ef805e7800c4e7281284092e099efdb~mv2.jpg,3,
red-cape-detailed-dress,https://static.wixstatic.com/media/e126e7_a4f83a3d968641dca6376be38a985290~mv2.jpg,4,
red-cape-detailed-dress,https://static.wixstatic.com/media/e126e7_dd221e524af94741ac8303608db2b118~mv2.jpg,5,
red-cape-detailed-dress,https://static.wixstatic.com/media/e126e7_536762ed390e46b78e6b5d4b683170ef~mv2.jpg,6,
gold-embroidered-dress-with-cape,https://static.wixstatic.com/media/e126e7_12347fc72bb04df2855cc5d354413a78~mv2.jpg,1,
gold-embroidered-dress-with-cape,https://static.wixstatic.com/media/e126e7_5a35f04f45294020a30632678b7bbf49~mv2.jpg,2,
gold-embroidered-dress-with-cape,https://static.wixstatic.com/media/e126e7_e548a86cae3a436e905c16e863155a39~mv2.jpg,3,
gold-embroidered-dress-with-cape,https://static.wixstatic.com/media/e126e7_830669d22d9b4f528815478f131d949d~mv2.jpg,4,
gold-embroidered-dress-with-cape,https://static.wixstatic.com/media/e126e7_d45a50c0f02546fb8c908068f030cc5b~mv2.jpg,5,
gold-embroidered-dress-with-cape,https://static.wixstatic.com/media/e126e7_73895c2d38da45fcbc431346efc46f2a~mv2.jpg,6,
elegant-bridal-dress,https://static.wixstatic.com/media/e126e7_7a8546ddaf4e47c586abddb502f72bed~mv2.jpg,1,
elegant-bridal-dress,https://static.wixstatic.com/media/e126e7_e83e62e580c14225b873e5a4200913c4~mv2.jpg,2,
elegant-bridal-dress,https://static.wixstatic.com/media/e126e7_64cdd76ed3844455be19f0f97c045ea5~mv2.jpg,3,
elegant-bridal-dress,https://static.wixstatic.com/media/e126e7_29a61809fb8e41a5af9122292a5abff1~mv2.jpg,4,
elegant-bridal-dress,https://static.wixstatic.com/media/e126e7_3375b9c916ed43c485d0ea14223fcbf5~mv2.jpg,5,
elegant-bridal-dress,https://static.wixstatic.com/media/e126e7_5e6e243f221e4da3aa6f63bd3612d3ad~mv2.jpg,6,
elegant-bridal-dress,https://static.wixstatic.com/media/e126e7_af4eb0b4f8cb49d8aa0dd5a8bf9986f7~mv2.jpg,7,
floral-engagement-attire,https://static.wixstatic.com/media/e126e7_1236bdc0b7a946fa9c0d2d489ff2877d~mv2.jpg,1,
floral-engagement-attire,https://static.wixstatic.com/media/e126e7_b1f5bb8d61ff4690a1a0bdf5ee448411~mv2.jpg,2,
floral-engagement-attire,https://static.wixstatic.com/media/e126e7_e36a254d1c3741febe9ffe2cda19c050~mv2.jpg,3,
floral-engagement-attire,https://static.wixstatic.com/media/e126e7_eec36232909b46d4ad5e1cc18a542ade~mv2.jpg,4,
floral-engagement-attire,https://static.wixstatic.com/media/e126e7_5381b8f05d6a484591c1129dcfc0608f~mv2.jpg,5,
floral-engagement-attire,https://static.wixstatic.com/media/e126e7_2af741b22fbb4e28915dd8b24d7c82d6~mv2.jpg,6,
floral-engagement-attire,https://static.wixstatic.com/media/e126e7_8eed926994ee4e62a3bf5dee5c3dd8be~mv2.jpg,7,
floral-engagement-attire,https://static.wixstatic.com/media/e126e7_9df463bb1b2d4fa7a5500d64a1a637f5~mv2.jpg,8,
floral-engagement-attire,https://static.wixstatic.com/media/e126e7_82c64e52d9234a3f88bc112ebb8f1fec~mv2.jpg,9,
floral-engagement-attire,https://static.wixstatic.com/media/e126e7_4f9f34c3e58d4e6c88c7ac028c32f3c4~mv2.jpg,10,
floral-engagement-attire,https://static.wixstatic.com/media/e126e7_882b9563433f4bb886c2e4de8d334909~mv2.jpg,11,
floral-engagement-attire,https://static.wixstatic.com/media/e126e7_73dbee29f5274c098be5feb3167a648c~mv2.jpg,12,
floral-engagement-attire,https://static.wixstatic.com/media/e126e7_b1f5bb8d61ff4690a1a0bdf5ee448411~mv2.jpg,1,
floral-engagement-attire,https://static.wixstatic.com/media/e126e7_e36a254d1c3741febe9ffe2cda19c050~mv2.jpg,2,
floral-engagement-attire,https://static.wixstatic.com/media/e126e7_1236bdc0b7a946fa9c0d2d489ff2877d~mv2.jpg,3,
floral-engagement-attire,https://static.wixstatic.com/media/e126e7_eec36232909b46d4ad5e1cc18a542ade~mv2.jpg,4,
floral-engagement-attire,https://static.wixstatic.com/media/e126e7_5381b8f05d6a484591c1129dcfc0608f~mv2.jpg,5,
floral-engagement-attire,https://static.wixstatic.com/media/e126e7_2af741b22fbb4e28915dd8b24d7c82d6~mv2.jpg,6,
floral-engagement-attire,https://static.wixstatic.com/media/e126e7_8eed926994ee4e62a3bf5dee5c3dd8be~mv2.jpg,7,
floral-engagement-attire,https://static.wixstatic.com/media/e126e7_9df463bb1b2d4fa7a5500d64a1a637f5~mv2.jpg,8,
floral-engagement-attire,https://static.wixstatic.com/media/e126e7_82c64e52d9234a3f88bc112ebb8f1fec~mv2.jpg,9,
floral-engagement-attire,https://static.wixstatic.com/media/e126e7_4f9f34c3e58d4e6c88c7ac028c32f3c4~mv2.jpg,10,
floral-engagement-attire,https://static.wixstatic.com/media/e126e7_882b9563433f4bb886c2e4de8d334909~mv2.jpg,11,
floral-engagement-attire,https://static.wixstatic.com/media/e126e7_73dbee29f5274c098be5feb3167a648c~mv2.jpg,12,
something-blue-dress,https://static.wixstatic.com/media/e126e7_f4269501eedc49d2a37e7218b22984df~mv2.jpg,1,
something-blue-dress,https://static.wixstatic.com/media/e126e7_68f62f32c89c4b14ac845b713c171c50~mv2.jpg,2,
something-blue-dress,https://static.wixstatic.com/media/e126e7_7c7afaf0100140f198541b9cc4e7f2e6~mv2.jpg,3,
something-blue-dress,https://static.wixstatic.com/media/e126e7_a9c3489314b846dcbe56a9a2fe6637fc~mv2.jpg,4,
something-blue-dress,https://static.wixstatic.com/media/e126e7_5ea34d372b1b4b17ba677dfd3065b87a~mv2.jpg,5,
red-embroidered-white-dress,https://static.wixstatic.com/media/e126e7_ef84880caf7e45a88b576f3463aac3bc~mv2.jpg,1,
red-embroidered-white-dress,https://static.wixstatic.com/media/e126e7_0f5811250c604d6eadd8140a0bd3611d~mv2.jpg,2,
red-embroidered-white-dress,https://static.wixstatic.com/media/e126e7_8268f23652d44542af1f59c7c37f80f8~mv2.jpg,3,
red-embroidered-white-dress,https://static.wixstatic.com/media/e126e7_262744672cea4adaafd416dfe98dfa26~mv2.jpg,4,
red-embroidered-white-dress,https://static.wixstatic.com/media/e126e7_94a39d85daa74e7fbc4d73856a7b83b3~mv2.jpg,5,
red-embroidered-white-dress,https://static.wixstatic.com/media/e126e7_089de63a1762438890a7271c81010d52~mv2.jpg,6,
red-embroidered-white-dress,https://static.wixstatic.com/media/e126e7_89c25d6a18c849ba985e1c7a78e60303~mv2.jpg,7,
vest-dress,https://static.wixstatic.com/media/e126e7_62e15e7f479d433bae53f97a053c053b~mv2.jpg,1,
vest-dress,https://static.wixstatic.com/media/e126e7_b0e246f6d031475ea2c188c2080db5bd~mv2.jpg,2,
vest-dress,https://static.wixstatic.com/media/e126e7_3f60c2523d9b488dbf3aba7591819197~mv2.jpg,3,
vest-dress,https://static.wixstatic.com/media/e126e7_6e9a881f02454c239476afd73709815e~mv2.jpg,4,
one-shoulder-midi-dress,https://static.wixstatic.com/media/e126e7_f9e9baf764a141dd9301899d25cbe1d9~mv2.jpg,1,
one-shoulder-midi-dress,https://static.wixstatic.com/media/e126e7_36862fef28354f518b74506766a6ac9e~mv2.jpg,2,
one-shoulder-midi-dress,https://static.wixstatic.com/media/e126e7_114b094ba1924144a18a556cd63fb6b9~mv2.jpg,3,
one-shoulder-midi-dress,https://static.wixstatic.com/media/e126e7_7c8116ec4b6645d2ad0c01bc1c7f1feb~mv2.jpg,4,
white-floral-dress,https://static.wixstatic.com/media/e126e7_3ba49a1587ac45e996cbfa0be4d93a7b~mv2.jpg,1,
white-floral-dress,https://static.wixstatic.com/media/e126e7_ced0b3d5790d40b6bf59a790e6babeb0~mv2.jpg,2,
white-floral-dress,https://static.wixstatic.com/media/e126e7_61f3ba17cfcf40f9bda3467d634130b9~mv2.jpg,3,
white-floral-dress,https://static.wixstatic.com/media/e126e7_d0329d7ada184f9b8987042a7d024be6~mv2.jpg,4,
white-floral-dress,https://static.wixstatic.com/media/e126e7_da7b4a0d473f4e7e97d9117a0e80db1a~mv2.jpg,5,
gold-embroidered-white-bridal-dress,https://static.wixstatic.com/media/e126e7_487508c62fff439fbc3e076230d7d263~mv2.jpg,1,
gold-embroidered-white-bridal-dress,https://static.wixstatic.com/media/e126e7_5c7c900ee15d4a08b1aaac13084620f7~mv2.jpg,2,
gold-embroidered-white-bridal-dress,https://static.wixstatic.com/media/e126e7_037626905c944fc5898e8c9092bafb76~mv2.jpg,3,
gold-embroidered-white-bridal-dress,https://static.wixstatic.com/media/e126e7_eaa768a6849b4518aef00a5dd92a7557~mv2.jpg,4,
gold-embroidered-white-bridal-dress,https://static.wixstatic.com/media/e126e7_8e8401c7eb374e0bb831e02ef9d54a25~mv2.jpg,5,
gold-embroidered-white-bridal-dress,https://static.wixstatic.com/media/e126e7_70d6a642fe0340c4b14324ceae52bfc1~mv2.jpg,6,
gold-embroidered-white-bridal-dress,https://static.wixstatic.com/media/e126e7_3ff4d09a19ec4818b87548452ae32094~mv2.jpg,7,
gold-embroidered-white-bridal-dress,https://static.wixstatic.com/media/e126e7_daa7aa40d348474dac728ac9a76d89f6~mv2.jpg,8,
gold-embroidered-white-bridal-dress,https://static.wixstatic.com/media/e126e7_b04fb2798ff14f329da62ff05cc6e7e7~mv2.jpg,9,
white-bridal-dress,https://static.wixstatic.com/media/e126e7_c80bc5084ac84346b72944e0c8cedb3b~mv2.jpg,1,
white-bridal-dress,https://static.wixstatic.com/media/e126e7_cad6ba7c4752471a95546898f758c9f7~mv2.jpg,2,
white-bridal-dress,https://static.wixstatic.com/media/e126e7_9c50d765f2904ee78da5c3043d6b47a2~mv2.jpg,3,
white-bridal-dress,https://static.wixstatic.com/media/e126e7_46783ec83be74c3bb74b54c16391cf29~mv2.jpg,4,
white-bridal-dress,https://static.wixstatic.com/media/e126e7_0c05a67418c04b98a633b3477183616e~mv2.jpg,5,
white-bridal-dress,https://static.wixstatic.com/media/e126e7_55208f090586409493508d5f76493783~mv2.jpg,6,
white-bridal-dress,https://static.wixstatic.com/media/e126e7_fd3749095863487f89ef0c2ba494be13~mv2.jpg,7,
white-bridal-dress,https://static.wixstatic.com/media/e126e7_99b9af03e12e462db118c25df2e53a4b~mv2.jpg,8,
white-and-red-wear,https://static.wixstatic.com/media/e126e7_a4f83a3d968641dca6376be38a985290~mv2.jpg,1,
white-and-red-wear,https://static.wixstatic.com/media/e126e7_6654dfd0201b4d5880040389828bfc4e~mv2.jpg,2,
white-and-red-wear,https://static.wixstatic.com/media/e126e7_bbdf20615e4d48a484f8b3c540d5fbf9~mv2.jpg,3,
white-and-red-wear,https://static.wixstatic.com/media/e126e7_4ef805e7800c4e7281284092e099efdb~mv2.jpg,4,
white-and-red-wear,https://static.wixstatic.com/media/e126e7_536762ed390e46b78e6b5d4b683170ef~mv2.jpg,5,
white-and-red-wear,https://static.wixstatic.com/media/e126e7_dd221e524af94741ac8303608db2b118~mv2.jpg,6,
katb-ktab-wear,https://static.wixstatic.com/media/e126e7_7d371e4e8be44662954a5d9921efa287~mv2.jpg,1,
katb-ktab-wear,https://static.wixstatic.com/media/e126e7_9915c967913245e1a499348f17599cee~mv2.jpg,2,
katb-ktab-wear,https://static.wixstatic.com/media/e126e7_ebccbd623e3f4af19815a68782e90e31~mv2.jpg,3,
katb-ktab-wear,https://static.wixstatic.com/media/e126e7_3da915d21bc14c1b818b70b5e76fc2d2~mv2.jpg,4,
hand-embroidered-majdalawi-thobe,https://static.wixstatic.com/media/e126e7_5e14cb015248482e9a3f8f4d4e45aa98~mv2.jpg,1,
hand-embroidered-majdalawi-thobe,https://static.wixstatic.com/media/e126e7_1184ad30f08f4ada9e14ef670900f52f~mv2.jpg,2,
hand-embroidered-majdalawi-thobe,https://static.wixstatic.com/media/e126e7_3fcf07c1a5c04a34a297b18663a5480b~mv2.jpg,3,
hand-embroidered-majdalawi-thobe,https://static.wixstatic.com/media/e126e7_5d15006346f647248ac9a491afe75929~mv2.jpg,4,
hand-embroidered-majdalawi-thobe,https://static.wixstatic.com/media/e126e7_f3b6562e94364d5190f3aafa2c1caeea~mv2.jpg,5,
black-thobe-with-red-and-a-touch-of-yellow,https://static.wixstatic.com/media/e126e7_379e39657aa648328f4d5e20da61ca6c~mv2.jpg,1,
black-thobe-with-red-and-a-touch-of-yellow,https://static.wixstatic.com/media/e126e7_1d01a2f37d614ae997f7bcd90535d78f~mv2.jpg,2,
black-thobe-with-red-and-a-touch-of-yellow,https://static.wixstatic.com/media/e126e7_7bf85377bed147e093f03fe650d5934a~mv2.jpg,3,
black-thobe-with-red-and-a-touch-of-yellow,https://static.wixstatic.com/media/e126e7_5445724de45846a5b24e2cd9b5579665~mv2.jpg,4,
black-thobe-with-red-and-a-touch-of-yellow,https://static.wixstatic.com/media/e126e7_906c9a314fed494fbf0f77dfe913e170~mv2.jpg,5,
black-thobe-with-red-and-a-touch-of-yellow,https://static.wixstatic.com/media/e126e7_be5fc138264f4ddca87e9f098da08d63~mv2.jpg,6,
red-and-beige-thobe,https://static.wixstatic.com/media/e126e7_afe1c7afebd84340ac49aafb8b94b7f9~mv2.jpg,1,
red-and-beige-thobe,https://static.wixstatic.com/media/e126e7_be69eb4ab3f544f5a32bc260fff3a003~mv2.jpg,2,
red-and-beige-thobe,https://static.wixstatic.com/media/e126e7_d76ce904e2a6472ba67c6e3a1b60aa20~mv2.jpg,3,
red-and-beige-thobe,https://static.wixstatic.com/media/e126e7_ad72207b92ea40e5bee1878b61def0b6~mv2.jpg,4,
red-and-beige-thobe,https://static.wixstatic.com/media/e126e7_caa34ece968d49d2a8bb6d62887a2901~mv2.jpg,5,
malakeh-thobe-in-blue-and-white,https://static.wixstatic.com/media/e126e7_14267e3e2197483a99a596d84637eea3~mv2.jpg,1,
malakeh-thobe-in-blue-and-white,https://static.wixstatic.com/media/e126e7_c6cb03f879834b83b08ccdd849e58d7b~mv2.jpg,2,
malakeh-thobe-in-blue-and-white,https://static.wixstatic.com/media/e126e7_eeff5bd577c545e5a86bc362b2745142~mv2.jpg,3,
malakeh-thobe-in-blue-and-white,https://static.wixstatic.com/media/e126e7_f705bb09a44849f59ee4fc979b977a5c~mv2.jpg,4,
malakeh-thobe-in-blue-and-white,https://static.wixstatic.com/media/e126e7_90506a9989a047d0b266eff77a1dcb82~mv2.jpg,5,
malakeh-thobe-in-blue-and-white,https://static.wixstatic.com/media/e126e7_4904f93c92e94ffc80c805cc8a143ee6~mv2.jpg,6,
malakeh-thobe-in-blue-and-white,https://static.wixstatic.com/media/e126e7_8e71db9acd204f4e9d87257e09332df6~mv2.jpg,7,
malakeh-thobe-in-blue-and-white,https://static.wixstatic.com/media/e126e7_d76ac81ebb3949d98f2793b77bff5175~mv2.jpg,8,
flamboyant-majdalawi-thobe,https://static.wixstatic.com/media/e126e7_f1e42b64b4724189a100dbb6c2d90f32~mv2.jpg,1,
flamboyant-majdalawi-thobe,https://static.wixstatic.com/media/e126e7_1cdfe5d64fb449fe807ecf1467aab75d~mv2.jpg,2,
flamboyant-majdalawi-thobe,https://static.wixstatic.com/media/e126e7_48990509be0c4158b22f1fac1e0f4359~mv2.jpg,3,
flamboyant-majdalawi-thobe,https://static.wixstatic.com/media/e126e7_945c3696d0754ce78abf91f3f4a3e2c7~mv2.jpg,4,
flamboyant-majdalawi-thobe,https://static.wixstatic.com/media/e126e7_bb681b02bd8748f98e3c45069b8815f2~mv2.jpg,5,
flamboyant-majdalawi-thobe,https://static.wixstatic.com/media/e126e7_64d14f0f72564a688664c099ea61a974~mv2.jpg,6,
modernized-city-thobe,https://static.wixstatic.com/media/e126e7_8e764625c1ba4418977bb8554093051b~mv2.jpg,1,
modernized-city-thobe,https://static.wixstatic.com/media/e126e7_9e84338a330845f3b6c18f3de10562d2~mv2.jpg,2,
modernized-city-thobe,https://static.wixstatic.com/media/e126e7_0b07baeca6fe4bc1a8509e331daf708c~mv2.jpg,3,
floral-ember-thobe,https://static.wixstatic.com/media/e126e7_66de9c4216dc4015b0168b5fe5bcc901~mv2.jpg,1,
floral-ember-thobe,https://static.wixstatic.com/media/e126e7_c194368367ae42be80465400981b88e2~mv2.jpg,2,
floral-ember-thobe,https://static.wixstatic.com/media/e126e7_238effff833d409dad35d10eb4f1aaf7~mv2.jpg,3,
floral-ember-thobe,https://static.wixstatic.com/media/e126e7_fe134b46fdf94428b55f20a6b7a14c4f~mv2.jpg,4,
floral-ember-thobe,https://static.wixstatic.com/media/e126e7_3b9744bb2010422980190c79b793fd74~mv2.jpg,5,
thobe-with-hand-embroidery-detail,https://static.wixstatic.com/media/e126e7_467b17d8c5474334a8455e703dc142db~mv2.jpg,1,
thobe-with-hand-embroidery-detail,https://static.wixstatic.com/media/e126e7_575bf146187845578f097b3867c10484~mv2.jpg,2,
thobe-with-hand-embroidery-detail,https://static.wixstatic.com/media/e126e7_312093a16d5d4ec9820470fd8b01dd15~mv2.jpg,3,
thobe-with-hand-embroidery-detail,https://static.wixstatic.com/media/e126e7_e0ff1bc0c81f42a286df57ba3e0fe6a9~mv2.jpg,4,
hand-embroidered-emerald-thobe,https://static.wixstatic.com/media/e126e7_3c008cf5f5354531b5577b9a0721752c~mv2.jpg,1,
hand-embroidered-emerald-thobe,https://static.wixstatic.com/media/e126e7_2fc5131547584c22af34804fa806267e~mv2.jpg,2,
hand-embroidered-emerald-thobe,https://static.wixstatic.com/media/e126e7_66811099bdad4f0fb6069c6164d253d1~mv2.jpg,3,
hand-embroidered-emerald-thobe,https://static.wixstatic.com/media/e126e7_82c77284973f42c9b007e1cf9076404c~mv2.jpg,4,
majdalawi-thobe-in-green,https://static.wixstatic.com/media/e126e7_6e95c2ae593248509367dedbcceaa895~mv2.jpg,1,
majdalawi-thobe-in-green,https://static.wixstatic.com/media/e126e7_709c6a2c6c6046e1a996134dc218bf09~mv2.jpg,2,
majdalawi-thobe-in-green,https://static.wixstatic.com/media/e126e7_191ceeaa594d446690c1ee55c7df57a1~mv2.jpg,3,
majdalawi-thobe-in-green,https://static.wixstatic.com/media/e126e7_c741658c3d9449058e3fd89ff43c9c76~mv2.jpg,4,
majdalawi-thobe-in-green,https://static.wixstatic.com/media/e126e7_32f9f1f76d144ddd9bf174a1cadddcd8~mv2.jpg,5,
majdalawi-thobe-with-red-tatreez,https://static.wixstatic.com/media/e126e7_678eeb848b8347518f68078efb90ce6b~mv2.jpg,1,
majdalawi-thobe-with-red-tatreez,https://static.wixstatic.com/media/e126e7_1716e1b012224468a826466b393fb463~mv2.jpg,2,
majdalawi-thobe-with-red-tatreez,https://static.wixstatic.com/media/e126e7_061ab514a5d64857a64d43fb5091c6ae~mv2.jpg,3,
majdalawi-thobe-with-red-tatreez,https://static.wixstatic.com/media/e126e7_b1e46a6a37db42429096a8dd24819925~mv2.jpg,4,
